Code département,département,circonscription,Inscrits,Votants,Exprimés,Blancs et nuls,Taux de participation (%),1 Sexe candidat,1 Nom candidat,1 Prénom candidat,1 Etiquette liste,1 nuance,1 voix,1 Elu,2 Sexe candidat,2 Nom candidat,2 Prénom candidat,2 Etiquette liste,2 nuance,2 voix,2 Elu,3 Sexe candidat,3 Nom candidat,3 Prénom candidat,3 Etiquette liste,3 nuance,3 voix,3 Elu
1,AIN,1,86608,52701,51692,1009,"60,85%",M,DEBAT,Jean-Francois,PARTI SOCIALISTE,SOC,23953,N,M,BRETON,Xavier,UNION POUR UN MOUVEMENT POPULAIRE,UMP,27739,O,,,,,,,
1,AIN,3,86694,45112,43816,1296,"52,04%",F,RIGAUD,Francoise,PARTI SOCIALISTE,SOC,17591,N,M,BLANC,Etienne,UNION POUR UN MOUVEMENT POPULAIRE,UMP,26225,O,,,,,,,
2,AISNE,1,72343,44947,43527,1420,"62,13%",M,DOSIERE,Rene,DIVERS GAUCHE,DVG,24499,O,F,BLANCHARD-DOUCHAIN,Gaedic,UNION POUR UN MOUVEMENT POPULAIRE,UMP,19028,N,,,,,,,
2,AISNE,3,72225,46992,45737,1255,"65,06%",M,BALLIGAND,Jean-Pierre,PARTI SOCIALISTE,SOC,24383,O,M,MEURA,Frederic,UNION POUR UN MOUVEMENT POPULAIRE,UMP,21354,N,,,,,,,
2,AISNE,4,79252,46570,45425,1145,"58,76%",M,DESALLANGRE,Jacques,DIVERS GAUCHE,DVG,24792,O,F,THUIN-MACHEREZ,Brigitte,UNION POUR UN MOUVEMENT POPULAIRE,UMP,20633,N,,,,,,,
2,AISNE,5,79984,48362,46638,1724,"60,46%",M,JOURDAIN,Dominique,PARTI SOCIALISTE,SOC,21471,N,F,VASSEUR,Isabelle,UNION POUR UN MOUVEMENT POPULAIRE,UMP,25167,O,,,,,,,
3,ALLIER,1,58297,39089,38010,1079,"67,05%",M,CHAMBEFORT,Guy,DIVERS GAUCHE,DVG,20725,O,M,PERISSOL,Pierre-Andre,UNION POUR UN MOUVEMENT POPULAIRE,UMP,17285,N,,,,,,,
3,ALLIER,2,66360,44644,43438,1206,"67,28%",M,LESTERLIN,Bernard,PARTI SOCIALISTE,SOC,23278,O,M,DUGLERY,Daniel,UNION POUR UN MOUVEMENT POPULAIRE,UMP,20160,N,,,,,,,
3,ALLIER,3,70733,48039,46382,1657,"67,92%",M,MALLOT,Jean,PARTI SOCIALISTE,SOC,23560,O,M,SIMON,Yves,UNION POUR UN MOUVEMENT POPULAIRE,UMP,22822,N,,,,,,,
3,ALLIER,4,64842,43553,42565,988,"67,17%",M,CHARASSE,Gerard,PARTI RADICAL DE GAUCHE (SOUTIEN PS),PRG,24066,O,M,MALHURET,Claude,UNION POUR UN MOUVEMENT POPULAIRE,UMP,18499,N,,,,,,,
4,ALPES-DE-HAUTE-PROVENCE,1,58494,40929,39718,1211,"69,97%",M,BIANCO,Jean-Louis,PARTI SOCIALISTE,SOC,20781,O,F,BARREILLE,Eliane,UNION POUR UN MOUVEMENT POPULAIRE,UMP,18937,N,,,,,,,
4,ALPES-DE-HAUTE-PROVENCE,2,60861,39926,38738,1188,"65,6%",M,CASTANER,Christophe,PARTI SOCIALISTE,SOC,17833,N,M,SPAGNOU,Daniel,UNION POUR UN MOUVEMENT POPULAIRE,UMP,20905,O,,,,,,,
5,HAUTES-ALPES,1,57644,37483,35966,1517,"65,02%",F,BERGER,Karine,PARTI SOCIALISTE,SOC,17345,N,F,MARTINEZ,Henriette,UNION POUR UN MOUVEMENT POPULAIRE,UMP,18621,O,,,,,,,
5,HAUTES-ALPES,2,45842,32202,31347,855,"70,25%",M,GIRAUD,Joel,PARTI RADICAL DE GAUCHE,PRG,17184,O,M,BAYROU,Alain,UNION POUR UN MOUVEMENT POPULAIRE,UMP,14163,N,,,,,,,
6,ALPES-MARITIMES,1,58292,30942,30145,797,"53,08%",M,ALLEMAND,Patrick,PARTI SOCIALISTE,SOC,11780,N,M,CIOTTI,Eric,UNION POUR UN MOUVEMENT POPULAIRE,UMP,18365,O,,,,,,,
6,ALPES-MARITIMES,8,67697,35982,33292,2690,"53,15%",M,BROCHAND,Bernard,UNION POUR UN MOUVEMENT POPULAIRE,UMP,18299,O,M,LEROY,Henri,MAJORITE PRESIDENTIELLE,DVD,14993,N,,,,,,,
7,ARDECHE,1,73752,47805,46442,1363,"64,82%",M,TERRASSE,Pascal,PARTI SOCIALISTE,SOC,28639,O,F,COTTA,Rachel,UNION POUR UN MOUVEMENT POPULAIRE,UMP,17803,N,,,,,,,
7,ARDECHE,2,88923,55883,54169,1714,"62,84%",M,DUSSOPT,Olivier,PARTI SOCIALISTE,SOC,29096,O,M,WEBER,Gerard,UNION POUR UN MOUVEMENT POPULAIRE,UMP,25073,N,,,,,,,
7,ARDECHE,3,73290,48413,46918,1495,"66,06%",F,LOUIS,Veronique,PARTI SOCIALISTE,SOC,20836,N,M,FLORY,Jean-Claude,UNION POUR UN MOUVEMENT POPULAIRE,UMP,26082,O,,,,,,,
8,ARDENNES,1,73470,42846,41678,1168,"58,32%",F,LEDOUX,Claudine,PARTI SOCIALISTE,SOC,16870,N,F,POLETTI,Berengere,UNION POUR UN MOUVEMENT POPULAIRE,UMP,24808,O,,,,,,,
8,ARDENNES,2,66233,40411,39555,856,"61,01%",M,VUILQUE,Philippe,PARTI SOCIALISTE-PRGA,SOC,20363,O,M,RAVIGNON,Boris,UNION POUR UN MOUVEMENT POPULAIRE,UMP,19192,N,,,,,,,
9,ARIEGE,1,56035,35533,33736,1797,"63,41%",F,MASSAT,Frederique,PARTI SOCIALISTE,SOC,22236,O,F,ROUGE,Jacqueline,UNION POUR UN MOUVEMENT POPULAIRE,UMP,11500,N,,,,,,,
9,ARIEGE,2,58234,38646,37169,1477,"66,36%",M,NAYROU,Henri,PARTI SOCIALISTE,SOC,22692,O,M,CALLEJA,Philippe,UNION POUR UN MOUVEMENT POPULAIRE,UMP,14477,N,,,,,,,
10,AUBE,1,58061,33671,32500,1171,"57,99%",F,BRET,Line,PARTI SOCIALISTE,SOC,12793,N,M,DHUICQ,Nicolas,UNION POUR UN MOUVEMENT POPULAIRE,UMP,19707,O,,,,,,,
10,AUBE,2,73367,40264,38356,1908,"54,88%",F,AYADI,Saliha,PARTI RADICAL DE GAUCHE (SOUTIEN PS),PRG,13324,N,M,MATHIS,Jean-Claude,UNION POUR UN MOUVEMENT POPULAIRE,UMP,25032,O,,,,,,,
11,AUDE,1,70191,48210,46426,1784,"68,68%",M,PEREZ,Jean-Claude,PARTI SOCIALISTE,SOC,25291,O,F,CHESA,Isabelle,UNION POUR UN MOUVEMENT POPULAIRE,UMP,21135,N,,,,,,,
11,AUDE,2,110417,74423,72133,2290,"67,4%",M,BASCOU,Jacques,PARTI SOCIALISTE,SOC,38701,O,M,PY,Michel,UNION POUR UN MOUVEMENT POPULAIRE,UMP,33432,N,,,,,,,
11,AUDE,3,74180,51057,49183,1874,"68,83%",M,DUPRE,Jean-Paul,PARTI SOCIALISTE,SOC,28704,O,M,SALVIGNOL,Jean,UNION POUR UN MOUVEMENT POPULAIRE,UMP,20479,N,,,,,,,
12,AVEYRON,1,74595,50742,48926,1816,"68,02%",M,TEYSSEDRE,Christian,PARTI SOCIALISTE,SOC,22841,N,M,CENSI,Yves,UNION POUR UN MOUVEMENT POPULAIRE,UMP,26085,O,,,,,,,
12,AVEYRON,2,71707,49591,47678,1913,"69,16%",F,MARCEL,Marie-Lou,PARTI SOCIALISTE,SOC,24124,O,M,ROQUES,Serge,UNION POUR UN MOUVEMENT POPULAIRE,UMP,23554,N,,,,,,,
12,AVEYRON,3,72114,49398,47421,1977,"68,5%",F,MARRE,Beatrice,PARTI SOCIALISTE,SOC,20071,N,M,MARC,Alain,UNION POUR UN MOUVEMENT POPULAIRE,UMP,27350,O,,,,,,,
13,BOUCHES-DU-RHONE,1,60365,33689,32775,914,"55,81%",F,CARLOTTI,Marie-Arlette,PARTI SOCIALISTE,SOC,14107,N,M,BLUM,Roland,UNION POUR UN MOUVEMENT POPULAIRE,UMP,18668,O,,,,,,,
13,BOUCHES-DU-RHONE,3,46648,25720,24848,872,"55,14%",M,MENNUCCI,Patrick,PARTI SOCIALISTE,SOC,12300,N,M,ROATTA,Jean,UNION POUR UN MOUVEMENT POPULAIRE,UMP,12548,O,,,,,,,
13,BOUCHES-DU-RHONE,4,48045,24037,23036,1001,"50,03%",M,JIBRAYEL,Henri,PARTI SOCIALISTE,SOC,13224,O,M,SUSINI,Bernard,UNION POUR UN MOUVEMENT POPULAIRE,UMP,9812,N,,,,,,,
13,BOUCHES-DU-RHONE,5,54181,29148,28318,830,"53,8%",M,ROUZAUD,Antoine,PARTI RADICAL DE GAUCHE (SOUTIEN PS),PRG,13220,N,M,MUSELIER,Renaud,UNION POUR UN MOUVEMENT POPULAIRE,UMP,15098,O,,,,,,,
13,BOUCHES-DU-RHONE,7,52030,26532,25740,792,"50,99%",F,ANDRIEUX,Sylvie,PARTI SOCIALISTE,SOC,14874,O,F,REMADNIA PREZIOSI,Nora,UNION POUR UN MOUVEMENT POPULAIRE,UMP,10866,N,,,,,,,
13,BOUCHES-DU-RHONE,8,74123,42441,41548,893,"57,26%",M,MASSE,Christophe,PARTI SOCIALISTE,SOC,20676,N,F,BOYER,Valerie,UNION POUR UN MOUVEMENT POPULAIRE,UMP,20872,O,,,,,,,
13,BOUCHES-DU-RHONE,10,123761,71901,69737,2164,"58,1%",M,MEI,Roger,PARTI COMMUNISTE FRANCAIS,COM,29900,N,M,MALLIE,Richard,UNION POUR UN MOUVEMENT POPULAIRE,UMP,39837,O,,,,,,,
13,BOUCHES-DU-RHONE,11,100137,56777,54962,1815,"56,7%",F,LENFANT,Gaelle,PARTI SOCIALISTE,SOC,21211,N,M,KERT,Christian,UNION POUR UN MOUVEMENT POPULAIRE,UMP,33751,O,,,,,,,
13,BOUCHES-DU-RHONE,13,89515,53911,52222,1689,"60,23%",M,VAXES,Michel,PARTI COMMUNISTE FRANCAIS,COM,29260,O,M,ARAGNEAU,Alain,UNION POUR UN MOUVEMENT POPULAIRE,UMP,22962,N,,,,,,,
13,BOUCHES-DU-RHONE,14,101906,59536,57253,2283,"58,42%",M,MEDVEDOWSKY,Alexandre,PARTI SOCIALISTE,SOC,25853,N,F,JOISSAINS MASINI,Maryse,UNION POUR UN MOUVEMENT POPULAIRE,UMP,31400,O,,,,,,,
13,BOUCHES-DU-RHONE,15,100084,52247,43465,8782,"52,2%",M,VACHET,Leon,UNION POUR UN MOUVEMENT POPULAIRE,UMP,16671,N,M,REYNES,Bernard,MAJORITE PRESIDENTIELLE,DVD,26794,O,,,,,,,
13,BOUCHES-DU-RHONE,16,84621,53859,52275,1584,"63,65%",M,VAUZELLE,Michel,PARTI SOCIALISTE,SOC,27352,O,M,CHASSAIN,Roland,UNION POUR UN MOUVEMENT POPULAIRE,UMP,24923,N,,,,,,,
14,CALVADOS,1,71008,45855,44925,930,"64,58%",M,DURON,Philippe,PARTI SOCIALISTE,SOC,24336,O,F,LE BRETHON,Brigitte,UNION POUR UN MOUVEMENT POPULAIRE,UMP,20589,N,,,,,,,
14,CALVADOS,2,67478,41818,41019,799,"61,97%",F,DUMONT,Laurence,PARTI SOCIALISTE,SOC,22403,O,M,THOMAS,Rodolphe,UNION POUR LA DEMOCRATIE FRANCAISE - PSLE,PSLE,18616,N,,,,,,,
14,CALVADOS,3,74344,44246,42830,1416,"59,52%",F,VALTER,Clotilde,PARTI SOCIALISTE,SOC,20197,N,M,LETEURTRE,Claude,PARTI SOCIAL LIBERAL EUROPEEN,PSLE,22633,O,,,,,,,
14,CALVADOS,5,101406,62067,60773,1294,"61,21%",F,LE MOAL,Nathalie,PARTI SOCIALISTE,SOC,26931,N,M,LEFRANC,Jean-Marc,UNION POUR UN MOUVEMENT POPULAIRE,UMP,33842,O,,,,,,,
14,CALVADOS,6,88719,56349,54835,1514,"63,51%",M,TOURRET,Alain,PARTI RADICAL DE GAUCHE (SOUTIEN PS),PRG,24771,N,M,COUSIN,Jean-Yves,UNION POUR UN MOUVEMENT POPULAIRE,UMP,30064,O,,,,,,,
15,CANTAL,1,64764,41605,40358,1247,"64,24%",M,MARKARIAN,Jacques,PARTI SOCIALISTE,SOC,17774,N,M,DESCOEUR,Vincent,UNION POUR UN MOUVEMENT POPULAIRE,UMP,22584,O,,,,,,,
16,CHARENTE,1,63710,39577,38622,955,"62,12%",M,VIOLLET,Jean-Claude,PARTI SOCIALISTE,SOC,22687,O,M,FAURY,Martine,UNION POUR UN MOUVEMENT POPULAIRE,UMP,15935,N,,,,,,,
16,CHARENTE,2,62482,38820,37625,1195,"62,13%",F,REYNAUD,Marie-Line,PARTI SOCIALISTE,SOC,19858,O,M,MOUHOT,Jerome,UNION POUR UN MOUVEMENT POPULAIRE,UMP,17767,N,,,,,,,
16,CHARENTE,3,69142,45862,44647,1215,"66,33%",M,LAMBERT,Jerome,PARTI SOCIALISTE,SOC,27484,O,F,FOMBARON,Caroline,UNION POUR UN MOUVEMENT POPULAIRE,UMP,17163,N,,,,,,,
16,CHARENTE,4,65347,41510,40369,1141,"63,52%",F,PINVILLE,Martine,PARTI SOCIALISTE (DISSIDENTE),DVG,23024,O,M,MOTTET,Philippe,UNION POUR UN MOUVEMENT POPULAIRE,UMP,17345,N,,,,,,,
17,CHARENTE-MARITIME,1,96463,61863,58754,3109,"64,13%",M,BONO,Maxime,PARTI SOCIALISTE,SOC,32345,O,F,MORVANT,Dominique,UNION POUR UN MOUVEMENT POPULAIRE,UMP,26409,N,,,,,,,
17,CHARENTE-MARITIME,2,92262,55711,54422,1289,"60,38%",M,BONNIN,Andre,PARTI SOCIALISTE,SOC,27101,N,M,LEONARD,Jean-Louis,UNION POUR UN MOUVEMENT POPULAIRE,UMP,27321,O,,,,,,,
17,CHARENTE-MARITIME,3,79763,50552,49023,1529,"63,38%",F,QUERE,Catherine,PARTI SOCIALISTE,SOC,25501,O,M,DE ROUX,Xavier,UNION POUR UN MOUVEMENT POPULAIRE,UMP,23522,N,,,,,,,
18,CHER,1,75002,44617,43263,1354,"59,49%",F,FELIX,Irene,PARTI SOCIALISTE,SOC,19070,N,M,FROMION,Yves,UNION POUR UN MOUVEMENT POPULAIRE,UMP,24193,O,,,,,,,
18,CHER,2,70169,42230,40642,1588,"60,18%",M,SANDRIER,Jean-Claude,PARTI COMMUNISTE FRANCAIS,COM,23318,O,M,THOMAS-RICHARD,Franck,UNION POUR UN MOUVEMENT POPULAIRE,UMP,17324,N,,,,,,,
18,CHER,3,87452,54681,52663,2018,"62,53%",M,GALUT,Yann,PARTI SOCIALISTE,SOC,25824,N,M,COSYNS,Louis,UNION POUR UN MOUVEMENT POPULAIRE,UMP,26839,O,,,,,,,
19,CORREZE,1,65946,48881,47254,1627,"74,12%",M,HOLLANDE,Francois,PARTI SOCIALISTE,SOC,28494,O,M,DECAIE,Jean-Pierre,UNION POUR UN MOUVEMENT POPULAIRE,UMP,18760,N,,,,,,,
19,CORREZE,2,69666,46795,45357,1438,"67,17%",M,NAUCHE,Philippe,PARTI SOCIALISTE,SOC,23106,O,M,SOULIER,Frederic,UNION POUR UN MOUVEMENT POPULAIRE,UMP,22251,N,,,,,,,
19,CORREZE,3,51939,38336,37025,1311,"73,81%",F,LECLERC,Martine,PARTI SOCIALISTE,SOC,18463,N,M,DUPONT,Jean-Pierre,UNION POUR UN MOUVEMENT POPULAIRE,UMP,18562,O,,,,,,,
21,COTE-D'OR,1,67227,41524,40393,1131,"61,77%",F,TENENBAUM,Francoise,PARTI SOCIALISTE,SOC,18000,N,M,DEPIERRE,Bernard,UNION POUR UN MOUVEMENT POPULAIRE,UMP,22393,O,,,,,,,
21,COTE-D'OR,2,64494,39297,38300,997,"60,93%",F,POPARD,Colette,PARTI SOCIALISTE-PARTI RADICAL DE GAUCHE,SOC,16269,N,M,DELATTE,Remi,UNION POUR UN MOUVEMENT POPULAIRE,UMP,22031,O,,,,,,,
21,COTE-D'OR,3,68647,40855,39899,956,"59,51%",F,DARCIAUX,Claude Anne,PARTI SOCIALISTE,SOC,21252,O,F,BEAUDOUVI,Anne-Marie,UNION POUR UN MOUVEMENT POPULAIRE,UMP,18647,N,,,,,,,
22,COTES-D'ARMOR,1,88480,57919,56486,1433,"65,46%",F,BOUSQUET,Danielle,PARTI SOCIALISTE,SOC,32606,O,M,CADEC,Alain,UNION POUR UN MOUVEMENT POPULAIRE,UMP,23880,N,,,,,,,
22,COTES-D'ARMOR,2,91340,64824,63341,1483,"70,97%",M,GAUBERT,Jean,PARTI SOCIALISTE,SOC,34636,O,M,VASPART,Michel,UNION POUR UN MOUVEMENT POPULAIRE,UMP,28705,N,,,,,,,
22,COTES-D'ARMOR,3,85571,60232,59155,1077,"70,39%",M,CAURET,Loic,PARTI SOCIALISTE,SOC,28382,N,M,LE FUR,Marc,UNION POUR UN MOUVEMENT POPULAIRE,UMP,30773,O,,,,,,,
22,COTES-D'ARMOR,4,79889,53971,52309,1662,"67,56%",F,OGET,Marie-Renee,PARTI SOCIALISTE,SOC,33068,O,F,BAGUE,Marie-Elisabeth,UNION POUR UN MOUVEMENT POPULAIRE,UMP,19241,N,,,,,,,
22,COTES-D'ARMOR,5,101749,69818,68288,1530,"68,62%",F,ERHEL,Corinne,PARTI SOCIALISTE,SOC,38294,O,F,FURET,Marie-Dominique,MAJORITE PRESIDENTIELLE,UMP,29994,N,,,,,,,
23,CREUSE,1,50903,33187,32107,1080,"65,2%",M,VERGNIER,Michel,PARTI SOCIALISTE,SOC,19432,O,F,JAMMOT,Brigitte,UNION POUR UN MOUVEMENT POPULAIRE,UMP,12675,N,,,,,,,
23,CREUSE,2,48947,34107,32383,1724,"69,68%",M,SARRE,Georges,MOUVEMENT REPUBLICAIN ET CITOYEN (SOUTIEN PS),DVG,13917,N,M,AUCLAIR,Jean,UNION POUR UN MOUVEMENT POPULAIRE,UMP,18466,O,,,,,,,
24,DORDOGNE,1,74689,51756,50326,1430,"69,3%",M,DEGUILHEM,Pascal,PARTI SOCIALISTE,SOC,29674,O,M,PEYRAT,Jerome,UNION POUR UN MOUVEMENT POPULAIRE,UMP,20652,N,,,,,,,
24,DORDOGNE,2,79156,53074,51015,2059,"67,05%",F,LABARTHE,Cecile,PARTI SOCIALISTE,SOC,24810,N,M,GARRIGUE,Daniel,UNION POUR UN MOUVEMENT POPULAIRE,UMP,26205,O,,,,,,,
24,DORDOGNE,3,70428,52631,50926,1705,"74,73%",M,DEBET,Michel,PARTI SOCIALISTE,SOC,27896,O,M,LUCAS,Alain,UNION POUR UN MOUVEMENT POPULAIRE,UMP,23030,N,,,,,,,
24,DORDOGNE,4,85677,61541,59676,1865,"71,83%",M,PEIRO,Germinal,PARTI SOCIALISTE,SOC,35075,O,M,BOUSQUET,Dominique,UNION POUR UN MOUVEMENT POPULAIRE,UMP,24601,N,,,,,,,
25,DOUBS,1,71436,44220,43218,1002,"61,9%",F,ROMAGNAN,Barbara,PARTI SOCIALISTE,SOC,21546,N,F,BRANGET,Francoise,UNION POUR UN MOUVEMENT POPULAIRE,UMP,21672,O,,,,,,,
25,DOUBS,2,75379,47652,46350,1302,"63,22%",F,DUFAY,Marie-Guite,PARTI SOCIALISTE,SOC,21934,N,M,GROSPERRIN,Jacques,UNION POUR UN MOUVEMENT POPULAIRE,UMP,24416,O,,,,,,,
25,DOUBS,3,66133,40906,39563,1343,"61,85%",M,PARRENIN,Joseph,PARTI SOCIALISTE,SOC,18261,N,M,BONNOT,Marcel,UNION POUR UN MOUVEMENT POPULAIRE,UMP,21302,O,,,,,,,
25,DOUBS,4,67556,41561,40210,1351,"61,52%",M,MOSCOVICI,Pierre,PARTI SOCIALISTE,SOC,20480,O,F,THARIN,Irene,UNION POUR UN MOUVEMENT POPULAIRE,UMP,19730,N,,,,,,,
26,DROME,1,73056,42978,41078,1900,"58,83%",F,NAKIB-COLOMB,Zabida,PARTI SOCIALISTE,SOC,18295,N,M,LABAUNE,Patrick,UNION POUR UN MOUVEMENT POPULAIRE,UMP,22783,O,,,,,,,
26,DROME,2,82524,49977,48378,1599,"60,56%",F,REME-PIC,Anne-Marie,PARTI SOCIALISTE,SOC,22737,N,M,REYNIER,Franck,UNION POUR UN MOUVEMENT POPULAIRE,UMP,25641,O,,,,,,,
26,DROME,3,98040,65048,62995,2053,"66,35%",M,GREGOIRE,Michel,PARTI SOCIALISTE,SOC,29848,N,M,MARITON,Herve,UNION POUR UN MOUVEMENT POPULAIRE,UMP,33147,O,,,,,,,
26,DROME,4,85630,51496,50175,1321,"60,14%",F,COUTARD,Catherine,MOUVEMENT REPUBLICAIN ET CITOYEN (SOUTIEN PS),DVG,21235,N,M,BIANCHERI,Gabriel,UNION POUR UN MOUVEMENT POPULAIRE,UMP,28940,O,,,,,,,
27,EURE,1,83343,47617,46056,1561,"57,13%",F,MANSOURET,Anne,PARTI SOCIALISTE,SOC,19218,N,M,LE MAIRE,Bruno,UNION POUR UN MOUVEMENT POPULAIRE,UMP,26838,O,,,,,,,
27,EURE,2,74686,44816,43314,1502,"60,01%",M,RECOURS,Alfred,PARTI SOCIALISTE,SOC,20371,N,M,NICOLAS,Jean-Pierre,UNION POUR UN MOUVEMENT POPULAIRE,UMP,22943,O,,,,,,,
27,EURE,4,83469,50029,48687,1342,"59,94%",M,LONCLE,Francois,PARTI SOCIALISTE,SOC,26050,O,F,MIQUEL,Francoise,UNION POUR UN MOUVEMENT POPULAIRE,UMP,22637,N,,,,,,,
27,EURE,5,85006,49625,47981,1644,"58,38%",F,PICARD,Catherine,PARTI SOCIALISTE,SOC,21024,N,M,GILARD,Franck,UNION POUR UN MOUVEMENT POPULAIRE,UMP,26957,O,,,,,,,
28,EURE-ET-LOIR,1,85310,49200,47053,2147,"57,67%",F,VALLET,Francoise,PARTI SOCIALISTE,SOC,23497,N,M,GORGES,Jean-Pierre,UNION POUR UN MOUVEMENT POPULAIRE,UMP,23556,O,,,,,,,
28,EURE-ET-LOIR,2,70133,38121,36616,1505,"54,36%",F,HESSEL,Birgitta,PARTI SOCIALISTE,SOC,14496,N,M,HAMEL,Gerard,UNION POUR UN MOUVEMENT POPULAIRE,UMP,22120,O,,,,,,,
28,EURE-ET-LOIR,3,71275,41896,40598,1298,"58,78%",M,HUWART,Francois,PARTI RADICAL DE GAUCHE (SOUTIEN PS),PRG,18950,N,F,de LA RAUDIERE,Laure,UNION POUR UN MOUVEMENT POPULAIRE,UMP,21648,O,,,,,,,
29,FINISTERE,1,84715,57950,56661,1289,"68,41%",M,URVOAS,Jean Jacques,PARTI SOCIALISTE,SOC,29539,O,F,RAMONET,Marcelle,UNION POUR UN MOUVEMENT POPULAIRE,UMP,27122,N,,,,,,,
29,FINISTERE,2,71219,43694,42661,1033,"61,35%",F,ADAM,Patricia,PARTI SOCIALISTE,SOC,23681,O,M,LE BORGNE,Jean Yves,UNION POUR UN MOUVEMENT POPULAIRE,UMP,18980,N,,,,,,,
29,FINISTERE,3,92507,59583,58218,1365,"64,41%",M,CUILLANDRE,Francois,PARTI SOCIALISTE,SOC,27728,N,F,LAMOUR,Marguerite,UNION POUR UN MOUVEMENT POPULAIRE,UMP,30490,O,,,,,,,
29,FINISTERE,4,82375,56199,54856,1343,"68,22%",F,LEBRANCHU,Marylise,PARTI SOCIALISTE,SOC,29833,O,M,CAROFF,Gilles,UNION POUR UN MOUVEMENT POPULAIRE,UMP,25023,N,,,,,,,
29,FINISTERE,5,88792,55364,54309,1055,"62,35%",F,GUITTET,Chantal,PARTI SOCIALISTE,SOC,24549,N,M,LE GUEN,Jacques,UNION POUR UN MOUVEMENT POPULAIRE,UMP,29760,O,,,,,,,
29,FINISTERE,6,88693,61126,59576,1550,"68,92%",M,FERRAND,Richard,PARTI SOCIALISTE,SOC,29673,N,M,MENARD,Christian,UNION POUR UN MOUVEMENT POPULAIRE,UMP,29903,O,,,,,,,
29,FINISTERE,7,79285,54314,53012,1302,"68,5%",F,LE LOCH,Annick,PARTI SOCIALISTE,SOC,27042,O,F,TANGUY,Helene,UNION POUR UN MOUVEMENT POPULAIRE,UMP,25970,N,,,,,,,
29,FINISTERE,8,82001,55961,54270,1691,"68,24%",M,LE BRIS,Gilbert,PARTI SOCIALISTE,SOC,29023,O,F,TRICHE,Jeanne Yvonne,UNION POUR UN MOUVEMENT POPULAIRE,UMP,25247,N,,,,,,,
2A,CORSE-DU-SUD,1,44709,29999,29346,653,"67,1%",M,RENUCCI,Simon,CORSE SOCIAL DEMOCRATE (SOUTIEN PS),DVG,15922,O,M,CORTEY,Philippe,UNION POUR UN MOUVEMENT POPULAIRE,UMP,13424,N,,,,,,,
2B,HAUTE-CORSE,1,51549,35864,34291,1573,"69,57%",M,ZUCCARELLI,Emile,PARTI RADICAL DE GAUCHE (SOUTIEN PS),PRG,15811,N,M,GANDOLFI-SCHEIT,Sauveur,UNION POUR UN MOUVEMENT POPULAIRE,UMP,18480,O,,,,,,,
2B,HAUTE-CORSE,2,60371,45325,44245,1080,"75,08%",M,GIACOBBI,Paul,PARTI RADICAL DE GAUCHE (SOUTIEN PS),PRG,23100,O,F,GRIMALDI,Stephanie,UNION POUR UN MOUVEMENT POPULAIRE,UMP,21145,N,,,,,,,
30,GARD,1,83082,46913,45149,1764,"56,47%",F,DUMAS,Francoise,PARTI SOCIALISTE,SOC,19432,N,M,LACHAUD,Yvan,MAJORITE PRESIDENTIELLE - PSLE,PSLE,25717,O,,,,,,,
30,GARD,2,114607,66377,64213,2164,"57,92%",M,CRAUSTE,Robert,PARTI SOCIALISTE,SOC,26024,N,M,MOURRUT,Etienne,UNION POUR UN MOUVEMENT POPULAIRE,UMP,38189,O,,,,,,,
30,GARD,3,113971,69044,66558,2486,"60,58%",M,PISSAS,Alexandre,PARTI SOCIALISTE,SOC,27427,N,M,ROUBAUD,Jean-Marc,UNION POUR UN MOUVEMENT POPULAIRE,UMP,39131,O,,,,,,,
30,GARD,4,85468,54875,52884,1991,"64,21%",M,MALAVIEILLE,Patrick,PARTI COMMUNISTE FRANCAIS,COM,24778,N,M,ROUSTAN,Max,UNION POUR UN MOUVEMENT POPULAIRE,UMP,28106,O,,,,,,,
30,GARD,5,93691,60594,58358,2236,"64,67%",M,DUMAS,William,PARTI SOCIALISTE,SOC,29993,O,M,RUAS,Christophe,UNION POUR UN MOUVEMENT POPULAIRE,UMP,28365,N,,,,,,,
31,HAUTE-GARONNE,1,70421,40808,40010,798,"57,95%",F,LEMORTON,Catherine,PARTI SOCIALISTE,SOC,21824,O,M,MOUDENC,Jean-Luc,CENTRISTE MAJORITE PRESIDENTIELLE,UMP,18186,N,,,,,,,
31,HAUTE-GARONNE,2,110643,72268,70401,1867,"65,32%",M,BAPT,Gerard,PARTI SOCIALISTE,SOC,37854,O,F,DAMIN,Daniele,UNION POUR UN MOUVEMENT POPULAIRE,UMP,32547,N,,,,,,,
31,HAUTE-GARONNE,3,85678,55642,54216,1426,"64,94%",M,COHEN,Pierre,PARTI SOCIALISTE,SOC,31045,O,F,DANEN,Marie-Claire,UNION POUR UN MOUVEMENT POPULAIRE,UMP,23171,N,,,,,,,
31,HAUTE-GARONNE,4,55578,32193,31441,752,"57,92%",F,MARTINEL,Martine,PARTI SOCIALISTE,SOC,17752,O,M,DIEBOLD,Jean,UNION POUR UN MOUVEMENT POPULAIRE,UMP,13689,N,,,,,,,
31,HAUTE-GARONNE,5,138352,87655,85158,2497,"63,36%",F,IMBERT,Francoise,PARTI SOCIALISTE,SOC,49281,O,M,CARNEIRO,Gregoire,UNION POUR UN MOUVEMENT POPULAIRE,UMP,35877,N,,,,,,,
31,HAUTE-GARONNE,6,130026,81898,79471,2427,"62,99%",F,IBORRA,Monique,PARTI SOCIALISTE,SOC,43785,O,F,DE VEYRINAS,Francoise,UNION POUR UN MOUVEMENT POPULAIRE,UMP,35686,N,,,,,,,
31,HAUTE-GARONNE,7,121369,80840,78383,2457,"66,61%",M,LEMASLE,Patrick,PARTI SOCIALISTE,SOC,44891,O,M,BASTIANI,Jean-Pierre,UNION POUR UN MOUVEMENT POPULAIRE,UMP,33492,N,,,,,,,
31,HAUTE-GARONNE,8,82827,53215,50789,2426,"64,25%",M,IDIART,Jean-Louis,PARTI SOCIALISTE,SOC,30677,O,F,BOULET RIBET,Francoise,UNION POUR UN MOUVEMENT POPULAIRE,UMP,20112,N,,,,,,,
32,GERS,1,72219,49685,48031,1654,"68,8%",M,MARTIN,Philippe,PARTI SOCIALISTE,SOC,28285,O,F,MOUCHET,Anne-Marie,UNION POUR UN MOUVEMENT POPULAIRE,UMP,19746,N,,,,,,,
32,GERS,2,68527,47702,45916,1786,"69,61%",F,BIEMOURET,Gisele,PARTI SOCIALISTE,SOC,23228,O,M,DUBRAC,Gerard,UNION POUR UN MOUVEMENT POPULAIRE,UMP,22688,N,,,,,,,
33,GIRONDE,1,82500,49624,48391,1233,"60,15%",F,DESAIGUES,Beatrice,PARTI SOCIALISTE,SOC,22042,N,F,BOURRAGUE,Chantal,UNION POUR UN MOUVEMENT POPULAIRE,UMP,26349,O,,,,,,,
33,GIRONDE,2,60328,36840,36094,746,"61,07%",F,DELAUNAY,Michele,PARTI SOCIALISTE,SOC,18382,O,M,JUPPE,Alain,UNION POUR UN MOUVEMENT POPULAIRE,UMP,17712,N,,,,,,,
33,GIRONDE,3,71943,43935,42362,1573,"61,07%",M,MAMERE,Noel,LES VERTS,ECO,26611,O,F,VIGNE,Elisabeth,UNION POUR UN MOUVEMENT POPULAIRE,UMP,15751,N,,,,,,,
33,GIRONDE,4,82750,48179,46788,1391,"58,22%",F,LACUEY,Conchita,PARTI SOCIALISTE,SOC,27840,O,F,DELATTRE,Nathalie,UNION POUR UN MOUVEMENT POPULAIRE,UMP,18948,N,,,,,,,
33,GIRONDE,5,95590,59813,57924,1889,"62,57%",F,GOT,Pascale,PARTI SOCIALISTE,SOC,29179,O,M,REGERE,Jean-Francois,UNION POUR UN MOUVEMENT POPULAIRE,UMP,28745,N,,,,,,,
33,GIRONDE,6,89294,56891,55497,1394,"63,71%",M,SAINTE MARIE,Michel,PARTI SOCIALISTE,SOC,31740,O,F,MUTTER,Marie-Helene,UNION POUR UN MOUVEMENT POPULAIRE,UMP,23757,N,,,,,,,
33,GIRONDE,7,96627,61995,60218,1777,"64,16%",M,ROUSSET,Alain,PARTI SOCIALISTE,SOC,36410,O,F,DUFRANC,Sylvie,UNION POUR UN MOUVEMENT POPULAIRE,UMP,23808,N,,,,,,,
33,GIRONDE,8,119359,77487,75466,2021,"64,92%",M,DELUGA,Francois,PARTI SOCIALISTE,SOC,34614,N,F,DES ESGAULX DE NOLET,Marie-Helene,UNION POUR UN MOUVEMENT POPULAIRE,UMP,40852,O,,,,,,,
33,GIRONDE,9,98804,65652,63733,1919,"66,45%",F,FAURE,Martine,PARTI SOCIALISTE,SOC,35544,O,M,DUBOURG,Philippe,UNION POUR UN MOUVEMENT POPULAIRE,UMP,28189,N,,,,,,,
33,GIRONDE,10,78583,50758,49221,1537,"64,59%",M,BUISSON,Philippe,PARTI SOCIALISTE,SOC,23861,N,M,GARRAUD,Jean-Paul,UNION POUR UN MOUVEMENT POPULAIRE,UMP,25360,O,,,,,,,
33,GIRONDE,11,82996,53009,51178,1831,"63,87%",M,PLISSON,Philippe,PARTI SOCIALISTE,SOC,28186,O,F,ESTRADE,Helene,UNION POUR UN MOUVEMENT POPULAIRE,UMP,22992,N,,,,,,,
34,HERAULT,1,76676,45651,44243,1408,"59,54%",M,GUIBAL,Michel,PARTI SOCIALISTE,SOC,21149,N,M,DOMERGUE,Jacques,UNION POUR UN MOUVEMENT POPULAIRE,UMP,23094,O,,,,,,,
34,HERAULT,2,67096,40335,39276,1059,"60,12%",M,VEZINHET,Andre,PARTI SOCIALISTE,SOC,21177,O,M,JULIEN,Arnaud,UNION POUR UN MOUVEMENT POPULAIRE,UMP,18099,N,,,,,,,
34,HERAULT,3,126003,78534,75902,2632,"62,33%",F,LAZERGES,Christine,PARTI SOCIALISTE,SOC,32863,N,M,GRAND,Jean-Pierre,UNION POUR UN MOUVEMENT POPULAIRE,UMP,43039,O,,,,,,,
34,HERAULT,4,134221,87795,84527,3268,"65,41%",M,MOURE,Jean-Pierre,PARTI SOCIALISTE,SOC,40844,N,M,LECOU,Robert,UNION POUR UN MOUVEMENT POPULAIRE,UMP,43683,O,,,,,,,
34,HERAULT,5,95745,64527,61929,2598,"67,39%",M,MESQUIDA,Kleber,PARTI SOCIALISTE,SOC,32397,O,M,ROQUES,Marcel,UNION POUR UN MOUVEMENT POPULAIRE,UMP,29532,N,,,,,,,
34,HERAULT,6,84611,49367,47247,2120,"58,35%",F,BAUDUIN,Eliane,PARTI SOCIALISTE,SOC,20004,N,M,CUGNENC,Paul-Henri,UNION POUR UN MOUVEMENT POPULAIRE,UMP,27243,O,,,,,,,
34,HERAULT,7,119809,76311,73846,2465,"63,69%",M,LIBERTI,Francois,PARTI COMMUNISTE FRANCAIS,COM,34933,N,M,D'ETTORE,Gilles,UNION POUR UN MOUVEMENT POPULAIRE,UMP,38913,O,,,,,,,
35,ILLE-ET-VILAINE,1,74489,41693,40529,1164,"55,97%",M,BOUCHERON,Jean-Michel,PARTI SOCIALISTE,SOC,26541,O,F,LOUIS,Marie,UNION POUR UN MOUVEMENT POPULAIRE,UMP,13988,N,,,,,,,
35,ILLE-ET-VILAINE,2,98095,63049,61743,1306,"64,27%",M,TOURTELIER,Philippe,PARTI SOCIALISTE,SOC,34841,O,M,LE BRUN,Loick,UNION POUR UN MOUVEMENT POPULAIRE,UMP,26902,N,,,,,,,
35,ILLE-ET-VILAINE,3,91325,58444,56966,1478,64%,M,ROGEMONT,Marcel,PARTI SOCIALISTE (DISSIDENT),DVG,30050,O,M,ROUAULT,Philippe,UNION POUR UN MOUVEMENT POPULAIRE,UMP,26916,N,,,,,,,
35,ILLE-ET-VILAINE,4,109621,67621,66103,1518,"61,69%",M,MARSAC,Jean-Rene,PARTI SOCIALISTE,SOC,34986,O,M,AUBIN,Loic,UNION POUR UN MOUVEMENT POPULAIRE,UMP,31117,N,,,,,,,
35,ILLE-ET-VILAINE,6,77986,44019,39087,4932,"56,44%",M,BENOIT,Thierry,UDF-MOUVEMENT DEMOCRATE,MODEM,21534,O,F,BOISSEAU,Marie-Therese,UNION POUR UN MOUVEMENT POPULAIRE,UMP,17553,N,,,,,,,
35,ILLE-ET-VILAINE,7,99048,59211,57443,1768,"59,78%",F,THOMAS,Isabelle,PARTI SOCIALISTE,SOC,24698,N,M,COUANAU,Rene,UNION POUR UN MOUVEMENT POPULAIRE,UMP,32745,O,,,,,,,
36,INDRE,1,55980,35160,33976,1184,"62,81%",M,SAPIN ,Michel,PARTI SOCIALISTE,SOC,17175,O,M,HUGON,Jean-Yves,UNION POUR UN MOUVEMENT POPULAIRE,UMP,16801,N,,,,,,,
36,INDRE,2,64674,41528,39667,1861,"64,21%",F,BECHTEL,Marie-Francoise,MOUVEMENT REPUBLICAIN ET CITOYEN (SOUTIEN PS),DVG,18186,N,M,FORISSIER,Nicolas,UNION POUR UN MOUVEMENT POPULAIRE,UMP,21481,O,,,,,,,
36,INDRE,3,56668,38647,37430,1217,"68,2%",M,CHANTEGUET,Jean-Paul,PARTI SOCIALISTE,SOC,20019,O,M,POUSSET,Bernard,UNION POUR UN MOUVEMENT POPULAIRE,UMP,17411,N,,,,,,,
37,INDRE-ET-LOIRE,1,54537,31825,30986,839,"58,35%",M,GILLE,Jean-Patrick,PARTI SOCIALISTE,SOC,15826,O,M,DONNEDIEU DE VABRES,Renaud,UNION POUR UN MOUVEMENT POPULAIRE,UMP,15160,N,,,,,,,
37,INDRE-ET-LOIRE,2,92050,56456,55011,1445,"61,33%",F,FORTIER,Melanie,PARTI RADICAL DE GAUCHE (SOUTIEN PS),PRG,25312,N,F,GREFF,Claude,UNION POUR UN MOUVEMENT POPULAIRE,UMP,29699,O,,,,,,,
37,INDRE-ET-LOIRE,3,92488,58954,57177,1777,"63,74%",F,TOURAINE,Marisol,PARTI SOCIALISTE,SOC,28714,O,M,DESCAMPS,Jean-Jacques,UNION POUR UN MOUVEMENT POPULAIRE,UMP,28463,N,,,,,,,
37,INDRE-ET-LOIRE,4,86402,53111,51671,1440,"61,47%",M,LE BRETON,Philippe,PARTI SOCIALISTE,SOC,24514,N,M,NOVELLI,Herve,UNION POUR UN MOUVEMENT POPULAIRE,UMP,27157,O,,,,,,,
37,INDRE-ET-LOIRE,5,78157,47722,46540,1182,"61,06%",F,ROIRON,Claude,PARTI SOCIALISTE,SOC,20771,N,M,BRIAND,Philippe,UNION POUR UN MOUVEMENT POPULAIRE,UMP,25769,O,,,,,,,
38,ISERE,1,79522,49588,46299,3289,"62,36%",F,FIORASO,Genevieve,PARTI SOCIALISTE,SOC,29184,O,M,CARIGNON,Alain,UNION POUR UN MOUVEMENT POPULAIRE,UMP,17115,N,,,,,,,
38,ISERE,2,73044,42342,41391,951,"57,97%",M,ISSINDOU,Michel,PARTI SOCIALISTE,SOC,24973,O,F,SAVOUREUX,Christine,UNION POUR UN MOUVEMENT POPULAIRE,UMP,16418,N,,,,,,,
38,ISERE,3,60329,33413,32428,985,"55,38%",M,DESTOT,Michel,PARTI SOCIALISTE,SOC,20088,O,F,BERANGER,Nathalie,UNION POUR UN MOUVEMENT POPULAIRE,UMP,12340,N,,,,,,,
38,ISERE,4,85425,51473,50550,923,"60,26%",M,MIGAUD,Didier,PARTI SOCIALISTE,SOC,31725,O,M,CASAVECCHIA,Yann,MAJORITE PRESIDENTIELLE SUD-ISERE,DVD,18825,N,,,,,,,
38,ISERE,5,93080,59570,58538,1032,64%,M,BROTTES,Francois,PARTI SOCIALISTE,SOC,31237,O,M,SAVIN,Michel,UNION POUR UN MOUVEMENT POPULAIRE,UMP,27301,N,,,,,,,
38,ISERE,6,106187,56419,55001,1418,"53,13%",F,FINET-GIRARD,Laurence,PARTI SOCIALISTE,SOC,22107,N,M,MOYNE BRESSAND,Alain,UNION POUR UN MOUVEMENT POPULAIRE,UMP,32894,O,,,,,,,
38,ISERE,8,102616,58448,56759,1689,"56,96%",M,BINET,Erwann,PARTI SOCIALISTE,SOC,26385,N,M,REMILLER,Jacques,UNION POUR UN MOUVEMENT POPULAIRE,UMP,30374,O,,,,,,,
38,ISERE,9,88996,55652,54558,1094,"62,53%",M,VALLINI,Andre,PARTI SOCIALISTE,SOC,32589,O,M,DE SANS NICOLAS,Fabien,UNION POUR UN MOUVEMENT POPULAIRE,UMP,21969,N,,,,,,,
39,JURA,2,55534,26092,20829,5263,"46,98%",M,GARNIER ,Yves,UNION POUR UN MOUVEMENT POPULAIRE,UMP,7208,N,F,DALLOZ,Marie-Christine,UNION POUR UN MOUVEMENT POPULAIRE (DISSIDENT),DVD,13621,O,,,,,,,
39,JURA,3,67875,43591,42478,1113,"64,22%",M,VIVERGE,Patrick,PARTI SOCIALISTE,SOC,19325,N,M,SERMIER,Jean-Marie,UNION POUR UN MOUVEMENT POPULAIRE,UMP,23153,O,,,,,,,
40,LANDES,1,92984,61773,59801,1972,"66,43%",M,VIDALIES,Alain,PARTI SOCIALISTE,SOC,31773,O,F,BERTHELON,Marie-Constance,UNION POUR UN MOUVEMENT POPULAIRE,UMP,28028,N,,,,,,,
40,LANDES,2,107678,72469,70369,2100,"67,3%",M,DUFAU,Jean-Pierre,PARTI SOCIALISTE,SOC,38918,O,M,FORTE,Jacques,UNION POUR UN MOUVEMENT POPULAIRE,UMP,31451,N,,,,,,,
40,LANDES,3,83227,58502,57023,1479,"70,29%",M,EMMANUELLI,Henri,PARTI SOCIALISTE,SOC,33522,O,M,TAUZIN,Arnaud,MAJORITE PRESIDENTIELLE,UMP,23501,N,,,,,,,
41,LOIR-ET-CHER,1,90614,54693,52515,2178,"60,36%",F,BARABAN,Genevieve,PARTI SOCIALISTE,SOC,26097,N,M,PERRUCHOT,Nicolas,PARTI SOCIAL LIBERAL EUROPEEN,PSLE,26418,O,,,,,,,
41,LOIR-ET-CHER,2,80085,49998,48480,1518,"62,43%",M,LORGEOUX,Jeanny,PARTI SOCIALISTE,SOC,21745,N,M,MARTIN-LALANDE,Patrice,UNION POUR UN MOUVEMENT POPULAIRE,UMP,26735,O,,,,,,,
41,LOIR-ET-CHER,3,70851,44425,42383,2042,"62,7%",F,VIDAL,Marie-Helene,PARTI SOCIALISTE,SOC,17676,N,M,LEROY,Maurice,PARTI SOCIAL LIBERAL EUROPEEN,PSLE,24707,O,,,,,,,
42,LOIRE,1,68931,37438,36295,1143,"54,31%",M,JUANICO,Regis,PARTI SOCIALISTE,SOC,18922,O,F,GROSSETETE,Francoise,UNION POUR UN MOUVEMENT POPULAIRE,UMP,17373,N,,,,,,,
42,LOIRE,2,50133,26983,26289,694,"53,82%",M,GAGNAIRE,Jean-Louis,PARTI SOCIALISTE,SOC,14194,O,M,CABAL,Christian,UNION POUR UN MOUVEMENT POPULAIRE,UMP,12095,N,,,,,,,
42,LOIRE,3,79118,43877,42674,1203,"55,46%",F,FARIGOULE,Christiane,PARTI SOCIALISTE,SOC,17485,N,M,ROCHEBLOINE,Francois,PARTI SOCIAL LIBERAL EUROPEEN,PSLE,25189,O,,,,,,,
42,LOIRE,4,69174,39725,38544,1181,"57,43%",M,CHARTRON,Jean-Paul,PARTI SOCIALISTE,SOC,18641,N,M,CINIERI,Dino,UNION POUR UN MOUVEMENT POPULAIRE,UMP,19903,O,,,,,,,
42,LOIRE,5,69276,43135,42085,1050,"62,27%",F,DEROCHE,Laure,PARTI SOCIALISTE,SOC,20761,N,M,NICOLIN,Yves,UNION POUR UN MOUVEMENT POPULAIRE,UMP,21324,O,,,,,,,
42,LOIRE,6,69472,39063,37018,2045,"56,23%",F,FRULEUX,Dominique,PARTI SOCIALISTE,SOC,14617,N,M,CLEMENT,Pascal,UNION POUR UN MOUVEMENT POPULAIRE,UMP,22401,O,,,,,,,
43,HAUTE-LOIRE,2,80367,48987,45476,3511,"60,95%",M,CHAPAVEIRE,Andre,PARTI SOCIALISTE,SOC,21090,N,M,PRORIOL,Jean,UNION POUR UN MOUVEMENT POPULAIRE,UMP,24386,O,,,,,,,
44,LOIRE-ATLANTIQUE,1,72900,45039,44260,779,"61,78%",M,DE RUGY,Francois,LES VERTS,ECO,23029,O,M,LE RIDANT,Jean-Pierre,UNION POUR UN MOUVEMENT POPULAIRE,UMP,21231,N,,,,,,,
44,LOIRE-ATLANTIQUE,2,82595,49198,48355,843,"59,57%",F,CLERGEAU,Marie-Francoise,PARTI SOCIALISTE,SOC,26479,O,M,PINTE,Francois,UNION POUR UN MOUVEMENT POPULAIRE,UMP,21876,N,,,,,,,
44,LOIRE-ATLANTIQUE,3,87046,50654,49539,1115,"58,19%",M,AYRAULT,Jean-Marc,PARTI SOCIALISTE,SOC,32770,O,F,JOZAN,Sophie,UNION POUR UN MOUVEMENT POPULAIRE,UMP,16769,N,,,,,,,
44,LOIRE-ATLANTIQUE,4,79657,47489,46484,1005,"59,62%",M,RAIMBOURG,Dominique,PARTI SOCIALISTE,SOC,29978,O,F,THEBAUDEAU,Christine,UNION POUR UN MOUVEMENT POPULAIRE,UMP,16506,N,,,,,,,
44,LOIRE-ATLANTIQUE,5,114928,73861,72183,1678,"64,27%",M,MENARD,Michel,PARTI SOCIALISTE,SOC,36891,O,M,DIAT,Robert,UNION POUR UN MOUVEMENT POPULAIRE,UMP,35292,N,,,,,,,
44,LOIRE-ATLANTIQUE,6,77236,47651,46576,1075,"61,7%",M,BIORET,Pascal,PARTI SOCIALISTE,SOC,21490,N,M,HUNAULT,Michel,MAJORITE PRESIDENTIELLE - PSLE,PSLE,25086,O,,,,,,,
44,LOIRE-ATLANTIQUE,7,105595,64214,62907,1307,"60,81%",F,L'HONEN,Adeline,PARTI SOCIALISTE,SOC,26515,N,M,PRIOU,Christophe,UNION POUR UN MOUVEMENT POPULAIRE,UMP,36392,O,,,,,,,
44,LOIRE-ATLANTIQUE,8,79109,45496,44277,1219,"57,51%",F,BOUILLE,Marie-Odile,PARTI SOCIALISTE,SOC,28471,O,M,ARTHUR,Jean-Francois,UNION POUR UN MOUVEMENT POPULAIRE,UMP,15806,N,,,,,,,
44,LOIRE-ATLANTIQUE,9,99467,61688,59831,1857,"62,02%",F,RABIN,Monique,PARTI SOCIALISTE,SOC,28120,N,M,BOENNEC,Philippe,UNION POUR UN MOUVEMENT POPULAIRE,UMP,31711,O,,,,,,,
44,LOIRE-ATLANTIQUE,10,99054,59954,58672,1282,"60,53%",F,L'HOSTIS,Martine,PARTI SOCIALISTE,SOC,25318,N,M,POIGNANT,Serge,UNION POUR UN MOUVEMENT POPULAIRE,UMP,33354,O,,,,,,,
45,LOIRET,1,82673,49283,48013,1270,"59,61%",F,MIALOT,Marie-Madeleine,PARTI SOCIALISTE,SOC,21628,N,M,CARRE,Olivier,UNION POUR UN MOUVEMENT POPULAIRE,UMP,26385,O,,,,,,,
45,LOIRET,2,81764,47130,45847,1283,"57,64%",M,CHAILLOU,Christophe,PARTI SOCIALISTE,SOC,20793,N,M,GROUARD,Serge,UNION POUR UN MOUVEMENT POPULAIRE,UMP,25054,O,,,,,,,
45,LOIRET,3,89953,52350,50627,1723,"58,2%",F,PRAHECQ,Micheline,PARTI SOCIALISTE,SOC,22528,N,M,BERNARD,Jean-Louis,UNION POUR UN MOUVEMENT POPULAIRE,UMP,28099,O,,,,,,,
45,LOIRET,5,89799,51827,49943,1884,"57,71%",F,CANETTE,Carole,PARTI SOCIALISTE,SOC,20520,N,M,CHARIE,Jean-Paul,UNION POUR UN MOUVEMENT POPULAIRE,UMP,29423,O,,,,,,,
46,LOT,1,68790,49689,48055,1634,"72,23%",F,ORLIAC,Dominique,PARTI RADICAL DE GAUCHE (SOUTIEN PS),PRG,26417,O,M,ROUMEGOUX,Michel,UNION POUR UN MOUVEMENT POPULAIRE,UMP,21638,N,,,,,,,
46,LOT,2,64600,45290,43830,1460,"70,11%",M,LAUNAY,Jean,PARTI SOCIALISTE,SOC,25983,O,F,MARTIGNAC,Monique,UNION POUR UN MOUVEMENT POPULAIRE,UMP,17847,N,,,,,,,
47,LOT-ET-GARONNE,1,85919,56082,54030,2052,"65,27%",M,DEZALOS,Christian,PARTI SOCIALISTE,SOC,25085,N,M,DIONIS DU SEJOUR,Jean,UNION POUR LA DEMOCRATIE FRANCAISE - PSLE,PSLE,28945,O,,,,,,,
47,LOT-ET-GARONNE,2,77560,51821,49316,2505,"66,81%",M,GOUZES,Gerard,PARTI SOCIALISTE,SOC,21605,N,M,DIEFENBACHER,Michel,UNION POUR UN MOUVEMENT POPULAIRE,UMP,27711,O,,,,,,,
47,LOT-ET-GARONNE,3,76249,54522,53066,1456,"71,51%",M,CAHUZAC,Jerome,PARTI SOCIALISTE,SOC,27749,O,M,BRUGUIERE,Jean-Louis,UNION POUR UN MOUVEMENT POPULAIRE,UMP,25317,N,,,,,,,
48,LOZERE,1,32052,22073,21311,762,"68,87%",M,CHAZAL,Jean-Claude,PARTI SOCIALISTE,SOC,9885,N,M,SAINT LEGER,Francis,UNION POUR UN MOUVEMENT POPULAIRE,UMP,11426,O,,,,,,,
49,MAINE-ET-LOIRE,1,79737,46476,45171,1305,"58,29%",M,BELOT,LUC,PARTI SOCIALISTE,SOC,20477,N,F,BACHELOT-NARQUIN,Roselyne,UNION POUR UN MOUVEMENT POPULAIRE,UMP,24694,O,,,,,,,
49,MAINE-ET-LOIRE,2,85508,52188,50880,1308,"61,03%",M,GOUA,Marc,PARTI SOCIALISTE,SOC,26517,O,M,RICHARD,Dominique,UNION POUR UN MOUVEMENT POPULAIRE,UMP,24363,N,,,,,,,
49,MAINE-ET-LOIRE,5,74423,41809,40293,1516,"56,18%",F,ADRIEN-BIGEON,Laurence,PARTI SOCIALISTE,SOC,17609,N,M,BOURDOULEIX,Gilles,UNION POUR UN MOUVEMENT POPULAIRE,UMP,22684,O,,,,,,,
49,MAINE-ET-LOIRE,6,90198,52829,50687,2142,"58,57%",M,BARDY,Serge,PARTI SOCIALISTE,SOC,21953,N,M,DE CHARETTE,Herve,UNION POUR UN MOUVEMENT POPULAIRE,UMP,28734,O,,,,,,,
50,MANCHE,1,74468,45173,43917,1256,"60,66%",M,DESCHAMPS,Jean-Karl,PARTI SOCIALISTE-MRC,SOC,18571,N,M,GOSSELIN,Philippe,UNION POUR UN MOUVEMENT POPULAIRE,UMP,25346,O,,,,,,,
50,MANCHE,2,76013,47655,44121,3534,"62,69%",M,BAS,Philippe,UNION POUR UN MOUVEMENT POPULAIRE,UMP,18593,N,M,HUET,Guenhael,DIVERS DROITE,DVD,25528,O,,,,,,,
50,MANCHE,3,76800,45852,44377,1475,"59,7%",F,JOURDAIN MENNINGER,Daniele,PARTI SOCIALISTE,SOC,17522,N,M,COUSIN,Alain,UNION POUR UN MOUVEMENT POPULAIRE,UMP,26855,O,,,,,,,
50,MANCHE,4,73228,43927,42233,1694,"59,99%",F,DRUEZ,Yveline,PARTI SOCIALISTE,SOC,18793,N,M,GATIGNOL,Claude,UNION POUR UN MOUVEMENT POPULAIRE,UMP,23440,O,,,,,,,
50,MANCHE,5,72116,44575,43511,1064,"61,81%",M,CAZENEUVE,Bernard,PARTI SOCIALISTE,SOC,25652,O,M,LEMIERE,Jean,UNION POUR UN MOUVEMENT POPULAIRE,UMP,17859,N,,,,,,,
51,MARNE,1,57918,30039,28797,1242,"51,86%",M,QUENARD,Eric,PARTI SOCIALISTE,SOC,13328,N,M,DUTREIL,Renaud,UNION POUR UN MOUVEMENT POPULAIRE,UMP,15469,O,,,,,,,
51,MARNE,2,67389,37251,36031,1220,"55,28%",F,HAZAN,Adeline,PARTI SOCIALISTE,SOC,15520,N,F,VAUTRIN,Catherine,UNION POUR UN MOUVEMENT POPULAIRE,UMP,20511,O,,,,,,,
51,MARNE,3,65610,34057,32262,1795,"51,91%",F,DAHM,Nathalie,PARTI SOCIALISTE,SOC,14936,N,M,THOMAS,Jean-Claude,UNION POUR UN MOUVEMENT POPULAIRE,UMP,17326,O,,,,,,,
51,MARNE,4,61220,32612,31428,1184,"53,27%",M,BERTHIOT,Gerard,PARTI SOCIALISTE,SOC,12905,N,M,APPARU,Benoist,UNION POUR UN MOUVEMENT POPULAIRE,UMP,18523,O,,,,,,,
53,MAYENNE,1,81702,50992,49892,1100,"62,41%",M,GAROT,Guillaume,PARTI SOCIALISTE,SOC,25258,O,M,D'AUBERT,Francois,UNION POUR UN MOUVEMENT POPULAIRE,UMP,24634,N,,,,,,,
53,MAYENNE,2,66988,36790,34847,1943,"54,92%",F,DOINEAU,Elisabeth,UDF - MOUVEMENT DEMOCRATE,MODEM,16796,N,M,BERNIER,Marc,UNION POUR UN MOUVEMENT POPULAIRE,UMP,18051,O,,,,,,,
54,MEURTHE-ET-MOSELLE,1,52930,29791,29164,627,"56,28%",M,KLEIN,Mathieu,PARTI SOCIALISTE,SOC,14348,N,M,HENART,Laurent,UNION POUR UN MOUVEMENT POPULAIRE,UMP,14816,O,,,,,,,
54,MEURTHE-ET-MOSELLE,2,78215,46360,45274,1086,"59,27%",M,FERON,Herve,PARTI SOCIALISTE,SOC,22933,O,F,BURCKHART-VANDEVELDE,Patricia,UNION POUR UN MOUVEMENT POPULAIRE,UMP,22341,N,,,,,,,
54,MEURTHE-ET-MOSELLE,3,58299,33402,32543,859,"57,29%",M,JACQUEMIN,Pascal,PARTI SOCIALISTE,SOC,15825,N,F,ROSSO-DEBORD,Valerie,UNION POUR UN MOUVEMENT POPULAIRE,UMP,16718,O,,,,,,,
54,MEURTHE-ET-MOSELLE,4,77951,45119,43721,1398,"57,88%",F,DEMONET,Laurence,PARTI SOCIALISTE,SOC,18430,N,M,LAMBLIN,Jacques,UNION POUR UN MOUVEMENT POPULAIRE,UMP,25291,O,,,,,,,
54,MEURTHE-ET-MOSELLE,5,75350,46227,44946,1281,"61,35%",F,PILOT,Michele,PARTI SOCIALISTE,SOC,21206,N,F,MORANO,Nadine,UNION POUR UN MOUVEMENT POPULAIRE,UMP,23740,O,,,,,,,
54,MEURTHE-ET-MOSELLE,6,78422,43182,41902,1280,"55,06%",M,LE DEAUT,Jean-Yves,PARTI SOCIALISTE,SOC,24562,O,M,GIROUX,Paul,UNION POUR UN MOUVEMENT POPULAIRE,UMP,17340,N,,,,,,,
54,MEURTHE-ET-MOSELLE,7,71293,37576,36455,1121,"52,71%",M,ECKERT,Christian,PARTI SOCIALISTE,SOC,19668,O,M,JACQUE,Edouard,UNION POUR UN MOUVEMENT POPULAIRE,UMP,16787,N,,,,,,,
55,MEUSE,1,80063,48637,46669,1968,"60,75%",M,VILLEMIN,Thibaut,PARTI SOCIALISTE,SOC,21481,N,M,PANCHER,Bertrand,UNION POUR UN MOUVEMENT POPULAIRE,UMP,25188,O,,,,,,,
55,MEUSE,2,61649,37801,36583,1218,"61,32%",M,DUMONT,Jean-Louis,PARTI SOCIALISTE,SOC,19361,O,F,BECQ-VINCI,Claudine,UNION POUR UN MOUVEMENT POPULAIRE,UMP,17222,N,,,,,,,
56,MORBIHAN,1,104521,66180,64603,1577,"63,32%",M,PELLOIS,Herve,PARTI SOCIALISTE,SOC,30429,N,M,GOULARD,Francois,UNION POUR UN MOUVEMENT POPULAIRE,UMP,34174,O,,,,,,,
56,MORBIHAN,2,93219,58845,56944,1901,"63,13%",F,LE MAGUERESSE,Nathalie,PARTI SOCIALISTE,SOC,27189,N,M,GRALL,Michel,UNION POUR UN MOUVEMENT POPULAIRE,UMP,29755,O,,,,,,,
56,MORBIHAN,3,83348,53337,51879,1458,"63,99%",M,LE ROCH,Jean-Pierre,PARTI SOCIALISTE,SOC,24355,N,M,LORGEOUX,Gerard,UNION POUR UN MOUVEMENT POPULAIRE,UMP,27524,O,,,,,,,
56,MORBIHAN,4,87241,55748,54249,1499,"63,9%",F,LE MARRE,Beatrice,PARTI SOCIALISTE,SOC,26897,N,M,BOUVARD,Loic,UNION POUR UN MOUVEMENT POPULAIRE,UMP,27352,O,,,,,,,
56,MORBIHAN,5,81381,49601,47844,1757,"60,95%",F,OLIVIER-COUPEAU,Francoise,PARTI SOCIALISTE,SOC,26444,O,F,COLAS,Maria,UNION POUR UN MOUVEMENT POPULAIRE,UMP,21400,N,,,,,,,
56,MORBIHAN,6,87089,57185,55839,1346,"65,66%",M,BAGEOT,Jean-Pierre,PARTI SOCIALISTE,SOC,25311,N,M,LE NAY,Jacques,UNION POUR UN MOUVEMENT POPULAIRE,UMP,30528,O,,,,,,,
57,MOSELLE,1,74265,38496,37302,1194,"51,84%",M,TERRIER,Gerard,PARTI SOCIALISTE,SOC,17755,N,M,GROSDIDIER,Francois,MAJORITE PRESIDENTIELLE,UMP,19547,O,,,,,,,
57,MOSELLE,2,75378,37556,36056,1500,"49,82%",F,GANSOINAT-RAVAINE,Marie-Therese,PARTI SOCIALISTE,SOC,15906,N,M,JACQUAT,Denis,UNION POUR UN MOUVEMENT POPULAIRE,UMP,20150,O,,,,,,,
57,MOSELLE,6,73486,33066,31782,1284,45%,M,OBIEGALA,Michel,PARTI SOCIALISTE,SOC,11040,N,M,LANG,Pierre,UNION POUR UN MOUVEMENT POPULAIRE,UMP,20742,O,,,,,,,
57,MOSELLE,8,76551,39995,38794,1201,"52,25%",F,FILIPPETTI,Aurelie,PARTI SOCIALISTE,SOC,19769,O,M,MISSOFFE,Alain,UNION POUR UN MOUVEMENT POPULAIRE,UMP,19025,N,,,,,,,
57,MOSELLE,9,73849,37254,36003,1251,"50,45%",M,MERTZ,Bertrand,PARTI SOCIALISTE,SOC,16163,N,M,DEMANGE,Jean-Marie,UNION POUR UN MOUVEMENT POPULAIRE,UMP,19840,O,,,,,,,
57,MOSELLE,10,70846,34506,33646,860,"48,71%",M,LIEBGOTT,Michel,PARTI SOCIALISTE,SOC,18874,O,F,FERRARI,Christine,UNION POUR UN MOUVEMENT POPULAIRE,UMP,14772,N,,,,,,,
58,NIEVRE,1,55622,33110,31958,1152,"59,53%",F,CARRILLON COUVREUR,Martine,PARTI SOCIALISTE,SOC,17919,O,M,ROSTEIN,Daniel,UNION POUR UN MOUVEMENT POPULAIRE,UMP,14039,N,,,,,,,
58,NIEVRE,2,60613,37928,36769,1159,"62,57%",M,GORCE,Gaetan,PARTI SOCIALISTE,SOC,21218,O,F,LEGRAIN,Annie,UNION POUR UN MOUVEMENT POPULAIRE,UMP,15551,N,,,,,,,
58,NIEVRE,3,53501,35196,34204,992,"65,79%",M,PAUL,Christian,PARTI SOCIALISTE,SOC,19655,O,F,FREYTAG,Brigitte,UNION POUR UN MOUVEMENT POPULAIRE,UMP,14549,N,,,,,,,
59,NORD,1,58780,29753,28779,974,"50,62%",M,ROMAN,Bernard,PARTI SOCIALISTE,SOC,17772,O,F,SELLALI,Khalida,UNION POUR UN MOUVEMENT POPULAIRE,UMP,11007,N,,,,,,,
59,NORD,2,73201,41121,39507,1614,"56,18%",M,DEROSIER,Bernard,PARTI SOCIALISTE,SOC,23180,O,F,VANNIER,Caroline,UNION POUR UN MOUVEMENT POPULAIRE,UMP,16327,N,,,,,,,
59,NORD,3,64299,34490,33358,1132,"53,64%",M,CACHEUX,Alain,PARTI SOCIALISTE,SOC,16880,O,M,DECOCQ,Christian,UNION POUR UN MOUVEMENT POPULAIRE,UMP,16478,N,,,,,,,
59,NORD,4,72843,40746,39363,1383,"55,94%",F,FILLEUL,Martine,PARTI SOCIALISTE,SOC,16248,N,M,DAUBRESSE,Marc-Philippe,UNION POUR UN MOUVEMENT POPULAIRE,UMP,23115,O,,,,,,,
59,NORD,5,87980,51474,50044,1430,"58,51%",F,PARAT,Brigitte,PARTI SOCIALISTE,SOC,24657,N,M,HUYGHE,Sebastien,UNION POUR UN MOUVEMENT POPULAIRE,UMP,25387,O,,,,,,,
59,NORD,6,81029,51734,50108,1626,"63,85%",M,BAILLY,Dominique,PARTI SOCIALISTE,SOC,21745,N,M,LAZARO,Thierry,UNION POUR UN MOUVEMENT POPULAIRE,UMP,28363,O,,,,,,,
59,NORD,7,71032,36788,35504,1284,"51,79%",F,BULLAERT,Fanny,PARTI SOCIALISTE,SOC,17660,N,M,VERCAMER,Francis,MAJORITE PRESIDENTIELLE,PSLE,17844,O,,,,,,,
59,NORD,8,71976,35216,34070,1146,"48,93%",M,BAERT,Dominique,PARTI SOCIALISTE,SOC,19373,O,M,KACET,Salem,UNION POUR UN MOUVEMENT POPULAIRE,UMP,14697,N,,,,,,,
59,NORD,10,78409,38949,37086,1863,"49,67%",F,AZMY,Najat,PARTI SOCIALISTE,SOC,15367,N,M,VANNESTE,Christian,DIVERS DROITE,DVD,21719,O,,,,,,,
59,NORD,11,86870,52440,50860,1580,"60,37%",M,DURAND,Yves,PARTI SOCIALISTE,SOC,26588,O,M,WAYMEL,Philippe,UNION POUR UN MOUVEMENT POPULAIRE,UMP,24272,N,,,,,,,
59,NORD,12,70349,38556,36667,1889,"54,81%",M,HUTIN,Christian,MOUVEMENT REPUBLICAIN ET CITOYEN,DVG,23448,O,F,GABANT,Jacqueline,UNION POUR UN MOUVEMENT POPULAIRE,UMP,13219,N,,,,,,,
59,NORD,13,65044,43428,42050,1378,"66,77%",M,DELEBARRE,Michel,PARTI SOCIALISTE,SOC,22338,O,M,DHERSIN,Franck,UNION POUR UN MOUVEMENT POPULAIRE,UMP,19712,N,,,,,,,
59,NORD,15,74138,43896,41841,2055,"59,21%",F,POLNECQ,Francoise,PARTI SOCIALISTE,SOC,20136,N,F,HOSTALIER,Francoise,UNION POUR UN MOUVEMENT POPULAIRE,UMP,21705,O,,,,,,,
59,NORD,16,81256,46741,44734,2007,"57,52%",M,CANDELIER,Jean-Jacques,CANDIDAT RASSEMBLEMENT PCF,COM,29565,O,F,DERAIN,Michelle,UNION POUR UN MOUVEMENT POPULAIRE,UMP,15169,N,,,,,,,
59,NORD,17,75022,43303,42121,1182,"57,72%",M,DOLEZ,Marc,PARTI SOCIALISTE,SOC,26193,O,F,PROUVOST,Francoise,UNION POUR UN MOUVEMENT POPULAIRE,UMP,15928,N,,,,,,,
59,NORD,18,79467,47745,46160,1585,"60,08%",F,DOUAY,Brigitte,PARTI SOCIALISTE,SOC,19641,N,M,VILLAIN,Francois-Xavier,SANS ETIQUETTE,UMP,26519,O,,,,,,,
59,NORD,19,80242,30222,22870,7352,"37,66%",M,ROY,Patrick,PARTI SOCIALISTE,SOC,22870,O,,,,,,,,,,,,,,
59,NORD,20,82714,44393,43273,1120,"53,67%",M,BOCQUET,Alain,CANDIDAT RASSEMBLEMENT PCF,COM,29933,O,F,GARCIA,Marie-Therese,UMP-ENSEMBLE POUR LA MAJORITE PRESIDENTI,UMP,13340,N,,,,,,,
59,NORD,22,75038,47953,46396,1557,"63,9%",M,BATAILLE,Christian,PARTI SOCIALISTE,SOC,24487,O,F,LESNE,Marie-Sophie,UNION POUR UN MOUVEMENT POPULAIRE,UMP,21909,N,,,,,,,
59,NORD,23,66367,38619,37252,1367,"58,19%",M,PAUVROS,Remi,PARTI SOCIALISTE,SOC,18346,N,F,MARIN,Christine,UNION POUR UN MOUVEMENT POPULAIRE,UMP,18906,O,,,,,,,
59,NORD,24,65008,38729,37472,1257,"59,58%",M,PERAT,Jean-Luc,PARTI SOCIALISTE,SOC,19918,O,M,POYART,Alain,UNION POUR UN MOUVEMENT POPULAIRE,UMP,17554,N,,,,,,,
60,OISE,1,79334,48609,46877,1732,"61,27%",M,ROME,Yves,PARTI SOCIALISTE,SOC,19404,N,M,DASSAULT,Olivier,UNION POUR UN MOUVEMENT POPULAIRE,UMP,27473,O,,,,,,,
60,OISE,2,83956,49121,45924,3197,"58,51%",F,HOUSSIN,Sylvie,PARTI SOCIALISTE,SOC,21690,N,M,MANCEL,Jean-Francois,UNION POUR UN MOUVEMENT POPULAIRE,UMP,24234,O,,,,,,,
60,OISE,3,69812,38835,37784,1051,"55,63%",M,FRANCAIX,Michel,PARTI SOCIALISTE,SOC,20188,O,F,BREMARD,Cecile,UNION POUR UN MOUVEMENT POPULAIRE,UMP,17596,N,,,,,,,
60,OISE,6,73684,44060,42266,1794,"59,8%",M,CARVALHO,Patrice,PARTI COMMUNISTE FRANCAIS,COM,19437,N,M,GONNOT,Francois-Michel,UNION POUR UN MOUVEMENT POPULAIRE,UMP,22829,O,,,,,,,
61,ORNE,1,72495,43815,42607,1208,"60,44%",M,PUEYO,Joaquim,DIVERS GAUCHE,DVG,20214,N,M,DENIAUD,Yves,UNION POUR UN MOUVEMENT POPULAIRE,UMP,22393,O,,,,,,,
62,PAS-DE-CALAIS,1,79842,52537,50680,1857,"65,8%",F,MAQUET,Jacqueline,PARTI SOCIALISTE,SOC,26398,O,M,RAPENEAU,Philippe,UNION POUR UN MOUVEMENT POPULAIRE,UMP,24282,N,,,,,,,
62,PAS-DE-CALAIS,2,76518,50788,49250,1538,"66,37%",F,GENISSON,Catherine,PARTI SOCIALISTE,SOC,27273,O,M,ZIOLKOWSKI,Michel,UNION POUR UN MOUVEMENT POPULAIRE,UMP,21977,N,,,,,,,
62,PAS-DE-CALAIS,3,75375,54012,52557,1455,"71,66%",M,LEROY,Jean-Claude,PARTI SOCIALISTE,SOC,30001,O,F,MAGNIER,Helene,UNION POUR UN MOUVEMENT POPULAIRE,UMP,22556,N,,,,,,,
62,PAS-DE-CALAIS,4,78965,50622,49173,1449,"64,11%",M,LENA,Vincent,PARTI SOCIALISTE,SOC,22675,N,M,FASQUELLE,Daniel,UNION POUR UN MOUVEMENT POPULAIRE,UMP,26498,O,,,,,,,
62,PAS-DE-CALAIS,5,64862,39199,37581,1618,"60,43%",M,CUVILLIER,Frederic,PARTI SOCIALISTE,SOC,23315,O,F,VALLA,Annick,UNION POUR UN MOUVEMENT POPULAIRE,UMP,14266,N,,,,,,,
62,PAS-DE-CALAIS,6,73693,45076,43568,1508,"61,17%",M,LANG,Jack,PARTI SOCIALISTE,SOC,23839,O,M,WACHEUX,Frederic,UNION POUR UN MOUVEMENT POPULAIRE,UMP,19729,N,,,,,,,
62,PAS-DE-CALAIS,7,85824,49173,47313,1860,"57,3%",M,COCQUEMPOT,Gilles,PARTI SOCIALISTE,SOC,23994,O,F,BOUCHART,Natacha,UNION POUR UN MOUVEMENT POPULAIRE,UMP,23319,N,,,,,,,
62,PAS-DE-CALAIS,9,80924,52977,49921,3056,"65,47%",M,MELLICK,Jacques,PARTI SOCIALISTE,SOC,24080,N,M,FLAJOLET,Andre,UNION POUR UN MOUVEMENT POPULAIRE,UMP,25841,O,,,,,,,
62,PAS-DE-CALAIS,10,72399,39575,37551,2024,"54,66%",M,JANQUIN,Serge,PARTI SOCIALISTE,SOC,25496,O,F,MOREL,Isabelle,UNION POUR UN MOUVEMENT POPULAIRE,UMP,12055,N,,,,,,,
62,PAS-DE-CALAIS,11,96647,55319,52860,2459,"57,24%",F,DURIEZ,Odette,PARTI SOCIALISTE,SOC,32595,O,F,WONTERGHEM,Myriam,UNION POUR UN MOUVEMENT POPULAIRE,UMP,20265,N,,,,,,,
62,PAS-DE-CALAIS,12,78977,42108,39984,2124,"53,32%",M,KUCHEIDA,Jean-Pierre,PARTI SOCIALISTE,SOC,27866,O,F,DUQUESNE,Jeanine,UNION POUR UN MOUVEMENT POPULAIRE,UMP,12118,N,,,,,,,
62,PAS-DE-CALAIS,13,72398,38811,36711,2100,"53,61%",M,DELCOURT,Guy,PARTI SOCIALISTE,SOC,21736,O,F,PERMUY,Beatrice,UNION POUR UN MOUVEMENT POPULAIRE,UMP,14975,N,,,,,,,
62,PAS-DE-CALAIS,14,75658,43718,41072,2646,"57,78%",M,FACON,Albert,PARTI SOCIALISTE,SOC,23965,O,F,LE PEN,Marine,FRONT NATIONAL,FRN,17107,N,,,,,,,
63,PUY-DE-DOME,1,61592,34418,33392,1026,"55,88%",F,SAUGUES,Odile,PARTI SOCIALISTE,SOC,20453,O,F,COURTILLE,Anne,UNION POUR UN MOUVEMENT POPULAIRE,UMP,12939,N,,,,,,,
63,PUY-DE-DOME,2,76654,47079,45745,1334,"61,42%",M,NERI,Alain,PARTI SOCIALISTE,SOC,28286,O,M,SUSS,Paul,UNION POUR UN MOUVEMENT POPULAIRE,UMP,17459,N,,,,,,,
63,PUY-DE-DOME,3,74696,46363,44813,1550,"62,07%",F,LACOMBE,Mireille,PARTI SOCIALISTE,SOC,21023,N,M,GISCARD D'ESTAING,Louis,UNION POUR UN MOUVEMENT POPULAIRE,UMP,23790,O,,,,,,,
63,PUY-DE-DOME,4,77667,50101,48771,1330,"64,51%",M,BACQUET,Jean-Paul,PARTI SOCIALISTE,SOC,29965,O,M,SERRE,Christophe,UNION POUR UN MOUVEMENT POPULAIRE,UMP,18806,N,,,,,,,
63,PUY-DE-DOME,5,66316,43315,42212,1103,"65,32%",M,CHASSAIGNE,Andre,PARTI COMMUNISTE FRANCAIS,COM,27819,O,F,DELANNOY,Anne-Marie,UNION POUR UN MOUVEMENT POPULAIRE,UMP,14393,N,,,,,,,
63,PUY-DE-DOME,6,88363,59386,57174,2212,"67,21%",M,MICHEL,Jean,PARTI SOCIALISTE,SOC,31011,O,F,SIKORA,Marie-Therese,UNION POUR UN MOUVEMENT POPULAIRE,UMP,26163,N,,,,,,,
64,PYRENEES-ATLANTIQUES,1,68348,44166,42740,1426,"64,62%",F,LIGNIERES-CASSOU,Martine,PARTI SOCIALISTE,SOC,23728,O,M,LAYRE,Bernard,UNION POUR UN MOUVEMENT POPULAIRE,UMP,19012,N,,,,,,,
64,PYRENEES-ATLANTIQUES,2,74311,46624,41950,4674,"62,74%",F,CABANNE,Marie-Pierre,PARTI SOCIALISTE,SOC,16273,N,M,BAYROU,Francois,UDF - MOUVEMENT DEMOCRATE,MODEM,25677,O,,,,,,,
64,PYRENEES-ATLANTIQUES,3,80211,53905,51928,1977,"67,2%",M,HABIB,David,PARTI SOCIALISTE,SOC,32457,O,F,SAILLIET,Laurence,UNION POUR UN MOUVEMENT POPULAIRE,UMP,19471,N,,,,,,,
64,PYRENEES-ATLANTIQUES,4,80289,57762,56458,1304,"71,94%",M,DOMECQ,Jean-Pierre,PARTI SOCIALISTE,SOC,14667,N,M,LASSALLE,Jean,UDF - MOUVEMENT DEMOCRATE,MODEM,22794,O,M,LUCBEREILH,Herve,MAJORITE PRESIDENTIELLE,UMP,18997,N
64,PYRENEES-ATLANTIQUES,5,82914,49281,47303,1978,"59,44%",M,ESPILONDO,Jean,PARTI SOCIALISTE,SOC,22266,N,M,GRENET,Jean,UMP PARTI RADICAL,UMP,25037,O,,,,,,,
64,PYRENEES-ATLANTIQUES,6,91778,54288,52186,2102,"59,15%",F,ALAUX,Sylviane,PARTI SOCIALISTE,SOC,21726,N,F,ALLIOT-MARIE,Michele,UNION POUR UN MOUVEMENT POPULAIRE,UMP,30460,O,,,,,,,
65,HAUTES-PYRENEES,1,60111,39021,36970,2051,"64,91%",M,FORGUES,Pierre,PARTI SOCIALISTE,SOC,22465,O,F,LAMON,Monique,UNION POUR UN MOUVEMENT POPULAIRE,UMP,14505,N,,,,,,,
65,HAUTES-PYRENEES,2,63202,43114,41829,1285,"68,22%",F,ROBIN-RODRIGO,Chantal,PARTI RADICAL DE GAUCHE (SOUTIEN PS),PRG,23075,O,M,TREMEGE,Gerard,UNION POUR UN MOUVEMENT POPULAIRE,UMP,18754,N,,,,,,,
65,HAUTES-PYRENEES,3,53430,34084,32731,1353,"63,79%",M,GLAVANY,Jean,PARTI SOCIALISTE,SOC,20100,O,F,RABAUD-CARRIE,Christine,UNION POUR UN MOUVEMENT POPULAIRE,UMP,12631,N,,,,,,,
66,PYRENEES-ORIENTALES,1,66218,38933,37577,1356,"58,8%",M,VILA,JEAN,PARTI COMMUNISTE FRANCAIS,COM,16167,N,M,MACH,Daniel,UNION POUR UN MOUVEMENT POPULAIRE,UMP,21410,O,,,,,,,
66,PYRENEES-ORIENTALES,2,96745,58994,56252,2742,"60,98%",F,SOUM,RENEE,PARTI SOCIALISTE,SOC,22622,N,F,FRANCO,Arlette,UNION POUR UN MOUVEMENT POPULAIRE,UMP,33630,O,,,,,,,
66,PYRENEES-ORIENTALES,3,65988,42153,40202,1951,"63,88%",M,BOURQUIN,Christian,PARTI SOCIALISTE,SOC,19321,N,M,CALVET,Francois,UNION POUR UN MOUVEMENT POPULAIRE,UMP,20881,O,,,,,,,
66,PYRENEES-ORIENTALES,4,87370,58260,55860,2400,"66,68%",M,AYLAGAS,Pierre,DIVERS GAUCHE,DVG,27790,N,F,IRLES,JACQUELINE,UNION POUR UN MOUVEMENT POPULAIRE,UMP,28070,O,,,,,,,
67,BAS-RHIN,1,52672,28964,28422,542,"54,99%",M,JUNG,Armand,PARTI SOCIALISTE,SOC,15994,O,F,LOUTREL,Frederique,UNION POUR UN MOUVEMENT POPULAIRE,UMP,12428,N,,,,,,,
67,BAS-RHIN,2,51496,26326,25741,585,"51,12%",M,BIES,Philippe,PARTI SOCIALISTE,SOC,12530,N,M,MAURER,Jean-Philippe,UNION POUR UN MOUVEMENT POPULAIRE,UMP,13211,O,,,,,,,
67,BAS-RHIN,3,66888,32205,31438,767,"48,15%",F,NAiLI,Zoubida,PARTI SOCIALISTE,SOC,13284,N,M,SCHNEIDER,Andre,UNION POUR UN MOUVEMENT POPULAIRE,UMP,18154,O,,,,,,,
68,HAUT-RHIN,1,71930,39117,36790,2327,"54,38%",M,MEYER,Gilbert,UNION POUR UN MOUVEMENT POPULAIRE,UMP,12492,N,M,STRAUMANN,Eric,UNION POUR UN MOUVEMENT POPULAIRE,DVD,24298,O,,,,,,,
68,HAUT-RHIN,5,54524,27618,26618,1000,"50,65%",M,FREYBURGER,Pierre,PARTI SOCIALISTE,SOC,11641,N,F,GROSSKOST,Arlette,UNION POUR UN MOUVEMENT POPULAIRE,UMP,14977,O,,,,,,,
69,RHONE,1,63766,35304,34437,867,"55,36%",M,BRAILLARD,Thierry,PARTI RADICAL DE GAUCHE (SOUTIEN PS),PRG,16687,N,M,HAVARD,Michel ,UNION POUR UN MOUVEMENT POPULAIRE,UMP,17750,O,,,,,,,
69,RHONE,2,71688,42136,41368,768,"58,78%",M,MUET,Pierre-Alain,PARTI SOCIALISTE,SOC,21310,O,M,HAMELIN,Emmanuel,UNION POUR UN MOUVEMENT POPULAIRE,UMP,20058,N,,,,,,,
69,RHONE,3,67334,38208,37376,832,"56,74%",M,TOURAINE,Jean-Louis,PARTI SOCIALISTE,SOC,19190,O,M,DUBERNARD,Jean-Michel,UNION POUR UN MOUVEMENT POPULAIRE,UMP,18186,N,,,,,,,
69,RHONE,4,75058,43153,41927,1226,"57,49%",F,VALLAUD-BELKACEM,Najat,PARTI SOCIALISTE,SOC,18210,N,M,PERBEN,Dominique,UNION POUR UN MOUVEMENT POPULAIRE,UMP,23717,O,,,,,,,
69,RHONE,6,74406,41175,40124,1051,"55,34%",F,CROZON,Pascale,PARTI SOCIALISTE,SOC,21592,O,M,CHABERT,Henry,UNION POUR UN MOUVEMENT POPULAIRE,UMP,18532,N,,,,,,,
69,RHONE,7,60697,32389,31738,651,"53,36%",M,QUEYRANNE,Jean-Jack,PARTI SOCIALISTE,SOC,16605,O,M,DEBIOL,Jean-Francois,UNION POUR UN MOUVEMENT POPULAIRE,UMP,15133,N,,,,,,,
69,RHONE,10,89802,52275,50809,1466,"58,21%",F,PERRIN,Florence,PARTI SOCIALISTE,SOC,18295,N,M,GUILLOTEAU,Christophe,UNION POUR UN MOUVEMENT POPULAIRE,UMP,32514,O,,,,,,,
69,RHONE,11,80136,46928,45708,1220,"58,56%",M,GAGNEUR,Jean-Francois,PARTI SOCIALISTE,SOC,19865,N,M,FENECH,Georges,UNION POUR UN MOUVEMENT POPULAIRE,UMP,25843,O,,,,,,,
69,RHONE,12,74049,42561,41670,891,"57,48%",M,POMMATEAU,Gilles,PARTI SOCIALISTE,SOC,17090,N,M,TERROT,Michel,UNION POUR UN MOUVEMENT POPULAIRE,UMP,24580,O,,,,,,,
69,RHONE,13,91374,51291,50251,1040,"56,13%",F,DAVID,Martine,PARTI SOCIALISTE,SOC,21522,N,M,MEUNIER,Philippe,UNION POUR UN MOUVEMENT POPULAIRE,UMP,28729,O,,,,,,,
69,RHONE,14,50332,26058,25205,853,"51,77%",M,GERIN,Andre,PARTI COMMUNISTE FRANCAIS,COM,13574,O,M,DENIS,Michel,UNION POUR UN MOUVEMENT POPULAIRE,UMP,11631,N,,,,,,,
70,HAUTE-SAONE,2,64111,42056,40293,1763,"65,6%",M,VILLAUMe,Jean-Michel,PARTI SOCIALISTE,SOC,20795,O,F,BRIOT,Maryvonne,UNION POUR UN MOUVEMENT POPULAIRE,UMP,19498,N,,,,,,,
71,SAONE-ET-LOIRE,1,67423,39577,38486,1091,"58,7%",F,ESCHMANN,Nicole,PARTI SOCIALISTE,SOC,17112,N,M,VOISIN,Gerard,UNION POUR UN MOUVEMENT POPULAIRE,UMP,21374,O,,,,,,,
71,SAONE-ET-LOIRE,2,64527,41465,40447,1018,"64,26%",M,REBILLARD,Jacques,PARTI RADICAL DE GAUCHE (SOUTIEN PS),PRG,20185,N,M,NESME,Jean-Marc,UNION POUR UN MOUVEMENT POPULAIRE,UMP,20262,O,,,,,,,
71,SAONE-ET-LOIRE,3,66692,42550,41239,1311,"63,8%",F,COUILLEROT,Evelyne,PARTI SOCIALISTE,SOC,20006,N,M,ANCIAUX,Jean-Paul,UNION POUR UN MOUVEMENT POPULAIRE,UMP,21233,O,,,,,,,
71,SAONE-ET-LOIRE,4,61842,41229,40264,965,"66,67%",M,MATHUS,Didier,PARTI SOCIALISTE,SOC,20629,O,F,JARROT,Marie-Claude,UNION POUR UN MOUVEMENT POPULAIRE,UMP,19635,N,,,,,,,
71,SAONE-ET-LOIRE,5,64590,39728,38744,984,"61,51%",M,SIRUGUE,Christophe,PARTI SOCIALISTE,SOC,19488,O,M,JUILLOT,Dominique,UNION POUR UN MOUVEMENT POPULAIRE,UMP,19256,N,,,,,,,
71,SAONE-ET-LOIRE,6,85117,59524,58326,1198,"69,93%",M,MONTEBOURG,Arnaud,PARTI SOCIALISTE,SOC,29361,O,M,DANJEAN,Arnaud,UNION POUR UN MOUVEMENT POPULAIRE,UMP,28965,N,,,,,,,
72,SARTHE,1,71449,40405,39184,1221,"56,55%",F,DUBOIS,Francoise,PARTI SOCIALISTE,SOC,17026,N,F,LABRETTE-MENAGER,Fabienne,UNION POUR UN MOUVEMENT POPULAIRE,UMP,22158,O,,,,,,,
72,SARTHE,2,82209,45959,44737,1222,"55,91%",F,KARAMANLI,Marietta,PARTI SOCIALISTE,SOC,23476,O,M,GEVEAUX,Jean-Marie,UNION POUR UN MOUVEMENT POPULAIRE,UMP,21261,N,,,,,,,
72,SARTHE,3,84015,49645,48214,1431,"59,09%",F,LORILLEUX,Agnes,PARTI SOCIALISTE,SOC,21629,N,F,PAVY,Beatrice,UNION POUR UN MOUVEMENT POPULAIRE,UMP,26585,O,,,,,,,
72,SARTHE,5,86793,51689,50360,1329,"59,55%",M,ROUILLON,Christophe,PARTI SOCIALISTE,SOC,22606,N,M,LE MENER,Dominique,UNION POUR UN MOUVEMENT POPULAIRE,UMP,27754,O,,,,,,,
73,SAVOIE,3,95792,55303,54030,1273,"57,73%",F,LACLAIS,Bernadette,PARTI SOCIALISTE,SOC,24547,N,M,BOUVARD,Michel,UNION POUR UN MOUVEMENT POPULAIRE,UMP,29483,O,,,,,,,
74,HAUTE-SAVOIE,2,86636,41486,36811,4675,"47,89%",M,BOSSON,Bernard,MAJORITE PRESIDENTIELLE,PSLE,16379,N,M,TARDY,Lionel,DIVERS DROITE,DVD,20432,O,,,,,,,
74,HAUTE-SAVOIE,5,106688,54059,52229,1830,"50,67%",F,VERGUET,Clotilde,PARTI SOCIALISTE,SOC,19006,N,M,FRANCINA,Marc,UNION POUR UN MOUVEMENT POPULAIRE,UMP,33223,O,,,,,,,
75,PARIS,1,63045,37817,37094,723,"59,98%",F,BILLARD,Martine,LES VERTS,ECO,20125,O,M,LEGARET,Jean-Francois,UNION POUR UN MOUVEMENT POPULAIRE,UMP,16969,N,,,,,,,
75,PARIS,2,53581,33409,32053,1356,"62,35%",F,COHEN-SOLAL,Lyne,PARTI SOCIALISTE,SOC,15173,N,M,TIBERI,Jean,UNION POUR UN MOUVEMENT POPULAIRE,UMP,16880,O,,,,,,,
75,PARIS,5,49766,28275,27523,752,"56,82%",M,DREYFUS,Tony,PARTI SOCIALISTE,SOC,17391,O,F,ASMANI,Lynda,UNION POUR UN MOUVEMENT POPULAIRE,UMP,10132,N,,,,,,,
75,PARIS,6,66026,38172,37283,889,"57,81%",F,HOFFMAN-RISPAL,Daniele,PARTI SOCIALISTE,SOC,25770,O,M,BEAUJOUR,Jean-Claude,UNION POUR UN MOUVEMENT POPULAIRE,UMP,11513,N,,,,,,,
75,PARIS,7,63796,38659,37859,800,"60,6%",M,BLOCHE,Patrick,PARTI SOCIALISTE,SOC,23639,O,F,TISSOT,Claude-Annick,UNION POUR UN MOUVEMENT POPULAIRE,UMP,14220,N,,,,,,,
75,PARIS,8,70824,45580,44371,1209,"64,36%",F,MAZETIER,Sandrine,PARTI SOCIALISTE,SOC,24783,O,M,KLARSFELD,Arno,UNION POUR UN MOUVEMENT POPULAIRE,UMP,19588,N,,,,,,,
75,PARIS,9,61837,36204,35331,873,"58,55%",M,LE GUEN,Jean-Marie,PARTI SOCIALISTE,SOC,22108,O,M,TREMEGE,Patrick,UNION POUR UN MOUVEMENT POPULAIRE,UMP,13223,N,,,,,,,
75,PARIS,10,65236,41783,41002,781,"64,05%",M,BLISKO,Serge,PARTI SOCIALISTE,SOC,23512,O,F,VASSEUR,Veronique,UNION POUR UN MOUVEMENT POPULAIRE,UMP,17490,N,,,,,,,
75,PARIS,11,59985,37896,37101,795,"63,18%",M,COCHET,Yves,LES VERTS,ECO,21210,O,F,GUEDJ,Nicole,UNION POUR UN MOUVEMENT POPULAIRE,UMP,15891,N,,,,,,,
75,PARIS,12,67807,39066,38077,989,"57,61%",M,DARGENT,Claude,PARTI SOCIALISTE,SOC,14170,N,M,GOUJON,Philippe,UNION POUR UN MOUVEMENT POPULAIRE,UMP,23907,O,,,,,,,
75,PARIS,13,70847,42710,41776,934,"60,28%",F,HIDALGO,Anne,PARTI SOCIALISTE,SOC,18071,N,M,LAMOUR,Jean-Francois,UNION POUR UN MOUVEMENT POPULAIRE,UMP,23705,O,,,,,,,
75,PARIS,17,56422,32524,31907,617,"57,64%",F,LEPETIT,Annick,PARTI SOCIALISTE,SOC,17944,O,F,KUSTER,Brigitte,UNION POUR UN MOUVEMENT POPULAIRE,UMP,13963,N,,,,,,,
75,PARIS,18,55832,32170,31435,735,"57,62%",M,CARESCHE,Christophe,PARTI SOCIALISTE,SOC,19895,O,F,BOUGRAB,Jeannette,UNION POUR UN MOUVEMENT POPULAIRE,UMP,11540,N,,,,,,,
75,PARIS,19,48135,25700,25023,677,"53,39%",M,VAILLANT,Daniel,PARTI SOCIALISTE,SOC,15778,O,F,DECORTE,Roxane,UNION POUR UN MOUVEMENT POPULAIRE,UMP,9245,N,,,,,,,
75,PARIS,20,65984,36457,35366,1091,"55,25%",M,CAMBADELIS,Jean-Christophe,PARTI SOCIALISTE,SOC,20897,O,M,GIANNESINI,Jean-Jacques,UNION POUR UN MOUVEMENT POPULAIRE,UMP,14469,N,,,,,,,
75,PARIS,21,75326,43089,42099,990,"57,2%",F,PAU-LANGEVIN,George,PARTI SOCIALISTE,SOC,26398,O,M,DELAMARE,Raoul,UNION POUR UN MOUVEMENT POPULAIRE,UMP,15701,N,,,,,,,
76,SEINE-MARITIME,1,61131,35733,34970,763,"58,45%",F,FOURNEYRON,Valerie,PARTI SOCIALISTE,SOC,19289,O,M,DEVAUX,Bruno,UNION POUR UN MOUVEMENT POPULAIRE,UMP,15681,N,,,,,,,
76,SEINE-MARITIME,2,87826,54818,53305,1513,"62,42%",M,ZIMERAY,Francois,PARTI SOCIALISTE,SOC,25994,N,F,GUeGOT,Francoise,UNION POUR UN MOUVEMENT POPULAIRE,UMP,27311,O,,,,,,,
76,SEINE-MARITIME,3,56934,32071,30876,1195,"56,33%",M,BOURGUIGNON,Pierre,PARTI SOCIALISTE,SOC,20669,O,F,TAFFOREAU,Catherine,UNION POUR UN MOUVEMENT POPULAIRE,UMP,10207,N,,,,,,,
76,SEINE-MARITIME,4,72431,42076,40772,1304,"58,09%",M,FABIUS,Laurent,PARTI SOCIALISTE,SOC,27536,O,F,ROUX,Marie-Helene,UNION POUR UN MOUVEMENT POPULAIRE,UMP,13236,N,,,,,,,
76,SEINE-MARITIME,5,89066,54779,53607,1172,"61,5%",M,BOUILLON,Christophe,PARTI SOCIALISTE,SOC,32196,O,F,POUSSIER,Marie-Agnes,UNION POUR UN MOUVEMENT POPULAIRE,UMP,21411,N,,,,,,,
76,SEINE-MARITIME,6,79322,45909,44632,1277,"57,88%",M,LECOQ,Jean-Paul,PARTI COMMUNISTE FRANCAIS,COM,22813,O,M,MERVILLE,Denis,UNION POUR UN MOUVEMENT POPULAIRE,UMP,21819,N,,,,,,,
76,SEINE-MARITIME,7,59165,33271,32193,1078,"56,23%",M,LOGIOU,Laurent,PARTI SOCIALISTE,SOC,14039,N,M,BESSELAT,Jean-Yves,UNION POUR UN MOUVEMENT POPULAIRE,UMP,18154,O,,,,,,,
76,SEINE-MARITIME,8,52300,26101,25112,989,"49,91%",M,PAUL,Daniel,PARTI COMMUNISTE FRANCAIS,COM,14423,O,F,CAHIERRE,Agathe,UNION POUR UN MOUVEMENT POPULAIRE,UMP,10689,N,,,,,,,
76,SEINE-MARITIME,9,85480,53618,52219,1399,"62,73%",F,GRELIER,Estelle,PARTI SOCIALISTE,SOC,24461,N,M,FIDELIN,Daniel,UNION POUR UN MOUVEMENT POPULAIRE,UMP,27758,O,,,,,,,
76,SEINE-MARITIME,10,84826,54904,53588,1316,"64,73%",F,CHAUVEL,Dominique,PARTI SOCIALISTE,SOC,24034,N,M,TRASSY-PAILLOGUES,Alfred,UNION POUR UN MOUVEMENT POPULAIRE,UMP,29554,O,,,,,,,
76,SEINE-MARITIME,11,75595,49255,48063,1192,"65,16%",F,HUREL,Sandrine,PARTI SOCIALISTE,SOC,25087,O,M,BAZIN,Jean,UNION POUR UN MOUVEMENT POPULAIRE,UMP,22976,N,,,,,,,
77,SEINE-ET-MARNE,1,88513,47516,46142,1374,"53,68%",F,PICHERY,Marie-Line,PARTI SOCIALISTE,SOC,19848,N,M,MIGNON,Jean-Claude,UNION POUR UN MOUVEMENT POPULAIRE,UMP,26294,O,,,,,,,
77,SEINE-ET-MARNE,2,77273,37048,31924,5124,"47,94%",M,JULIA,Didier,UNION POUR UN MOUVEMENT POPULAIRE,UMP,18442,O,M,VALLETOUX,Frederic,DIVERS DROITE,DVD,13482,N,,,,,,,
77,SEINE-ET-MARNE,3,76549,42832,41046,1786,"55,95%",M,NAIR,Sami,MOUVEMENT REPUBLICAIN ET CITOYEN (SOUTIEN PS),DVG,14996,N,M,JEGO,Yves,UNION POUR UN MOUVEMENT POPULAIRE,UMP,26050,O,,,,,,,
77,SEINE-ET-MARNE,5,92684,50178,48833,1345,"54,14%",F,RICHARD,Marie,PARTI SOCIALISTE,SOC,20044,N,M,RIESTER,Franck,UNION POUR UN MOUVEMENT POPULAIRE,UMP,28789,O,,,,,,,
77,SEINE-ET-MARNE,7,88625,48095,47024,1071,"54,27%",M,BREHIER,Emeric,PARTI SOCIALISTE,SOC,20940,N,M,ALBARELLO,Yves,UNION POUR UN MOUVEMENT POPULAIRE,UMP,26084,O,,,,,,,
77,SEINE-ET-MARNE,8,111298,60143,59000,1143,"54,04%",M,FAURE,Olivier,PARTI SOCIALISTE,SOC,28946,N,F,BRUNEL,Chantal,UNION POUR UN MOUVEMENT POPULAIRE,UMP,30054,O,,,,,,,
77,SEINE-ET-MARNE,9,107418,58429,56993,1436,"54,39%",M,HEUCLIN,Jacques,PARTI SOCIALISTE,SOC,25895,N,M,GEOFFROY,Guy,UNION POUR UN MOUVEMENT POPULAIRE,UMP,31098,O,,,,,,,
78,YVELINES,1,91525,51205,49050,2155,"55,95%",F,FAUCHEUX,Sylvie,PARTI SOCIALISTE,SOC,20750,N,M,PINTE,Etienne,UNION POUR UN MOUVEMENT POPULAIRE,UMP,28300,O,,,,,,,
78,YVELINES,7,75534,42273,41331,942,"55,97%",F,RODES,Estelle,ASSOCIATION PS PRG ET APPARENTES,SOC,17442,N,M,CARDO,Pierre,UNION POUR UN MOUVEMENT POPULAIRE,UMP,23889,O,,,,,,,
78,YVELINES,8,67331,36707,35250,1457,"54,52%",F,DESCAMPS CROSNIER,Francoise,PARTI SOCIALISTE,SOC,17390,N,M,BEDIER,Pierre,UNION POUR UN MOUVEMENT POPULAIRE,UMP,17860,O,,,,,,,
78,YVELINES,10,101190,59567,57532,2035,"58,87%",M,FISCHER,Didier,PARTI SOCIALISTE,SOC,23949,N,F,BOUTIN,Christine,UNION POUR UN MOUVEMENT POPULAIRE,UMP,33583,O,,,,,,,
78,YVELINES,11,58013,31617,30664,953,"54,5%",F,OTOKORE,Safia,PARTI SOCIALISTE,SOC,14796,N,M,FOURGOUS,Jean-Michel,UNION POUR UN MOUVEMENT POPULAIRE,UMP,15868,O,,,,,,,
78,YVELINES,12,71604,38807,36931,1876,"54,2%",M,AIT,Eddie,PARTI SOCIALISTE,SOC,17610,N,M,MASDEU ARUS,Jacques,UNION POUR UN MOUVEMENT POPULAIRE,UMP,19321,O,,,,,,,
79,DEUX-SEVRES,1,64320,37585,36588,997,"58,43%",F,GAILLARD,Genevieve,PARTI SOCIALISTE,SOC,23871,O,M,ROUILLE,Frederic,UNION POUR UN MOUVEMENT POPULAIRE,UMP,12717,N,,,,,,,
79,DEUX-SEVRES,2,73668,47397,46193,1204,"64,34%",F,BATHO,Delphine,PARTI SOCIALISTE,SOC,26524,O,M,GRIFFAULT,Jean-Pierre,UNION POUR UN MOUVEMENT POPULAIRE,UMP,19669,N,,,,,,,
79,DEUX-SEVRES,4,70152,44290,42981,1309,"63,13%",M,GRELLIER,Jean,PARTI SOCIALISTE,SOC,22095,O,M,PAILLE,Dominique,UNION POUR UN MOUVEMENT POPULAIRE,UMP,20886,N,,,,,,,
80,SOMME,1,60147,33169,31379,1790,"55,15%",M,GREMETZ,Maxime,COMMUNISTE,COM,18618,O,M,BOURGOIS,Jean-Yves,PARTI SOCIAL LIBERAL EUROPEEN,PSLE,12761,N,,,,,,,
80,SOMME,2,64509,37361,36312,1049,"57,92%",F,THUILLIEZ,Sarah,PARTI SOCIALISTE,SOC,17131,N,M,JARDE,Olivier,PARTI SOCIAL LIBERAL EUROPEEN,PSLE,19181,O,,,,,,,
80,SOMME,3,68480,49147,47261,1886,"71,77%",M,PEILLON,Vincent,PARTI SOCIALISTE,SOC,23559,N,M,BIGNON,Jerome,UNION POUR UN MOUVEMENT POPULAIRE,UMP,23702,O,,,,,,,
80,SOMME,4,73099,47730,45632,2098,"65,3%",M,MATHON,Gilbert,PARTI SOCIALISTE,SOC,23555,O,M,HART,Joel,UNION POUR UN MOUVEMENT POPULAIRE,UMP,22077,N,,,,,,,
80,SOMME,5,66051,42568,41454,1114,"64,45%",F,KUMM,Valerie,PARTI SOCIALISTE,SOC,18586,N,M,DEMILLY,Stephane,PARTI SOCIAL LIBERAL EUROPEEN,PSLE,22868,O,,,,,,,
80,SOMME,6,78871,51543,49628,1915,"65,35%",M,FLEURY,Jacques,PARTI SOCIALISTE,SOC,24492,N,M,GEST,Alain,UNION POUR UN MOUVEMENT POPULAIRE,UMP,25136,O,,,,,,,
81,TARN,1,57444,38648,36288,2360,"67,28%",M,VALAX,Jacques,PARTI SOCIALISTE,SOC,22744,O,F,BOUSQUET SALMANI,Jacqueline,ENSEMBLE POUR LA MAJORITE PRESIDENTIELLE,UMP,13544,N,,,,,,,
81,TARN,2,79976,54631,53079,1552,"68,31%",M,CARCENAC,Thierry,PARTI SOCIALISTE,SOC,28796,O,F,REVEILLON,Catherine,ENSEMBLE POUR LA MAJORITE PRESIDENTIELLE,UMP,24283,N,,,,,,,
81,TARN,3,59752,36395,30759,5636,"60,91%",M,FOLLIOT,Philippe,AGIR POUR DEMAIN,UMP,19927,O,M,THOUROUDE,Jacques,SANS ETIQUETTE,DVD,10832,N,,,,,,,
81,TARN,4,80069,54566,52471,2095,"68,15%",F,COLLANGE,Monique,PARTI SOCIALISTE,SOC,24340,N,M,CARAYON,Bernard,UNION POUR UN MOUVEMENT POPULAIRE,UMP,28131,O,,,,,,,
82,TARN-ET-GARONNE,1,82026,55856,53584,2272,"68,1%",M,GARRIGUES,Roland,PARTI SOCIALISTE,SOC,26359,N,F,BAREGES,Brigitte,UNION POUR UN MOUVEMENT POPULAIRE,UMP,27225,O,,,,,,,
82,TARN-ET-GARONNE,2,84398,55201,52873,2328,"65,41%",F,PINEL,Sylvia,PARTI RADICAL DE GAUCHE (SOUTIEN PS),PRG,26811,O,M,BRIAT,Jacques,UNION POUR UN MOUVEMENT POPULAIRE,UMP,26062,N,,,,,,,
83,VAR,4,121416,67919,65247,2672,"55,94%",M,PINEAU,Michel,PARTI SOCIALISTE,SOC,22200,N,M,COUVE,Jean-Michel,UNION POUR UN MOUVEMENT POPULAIRE,UMP,43047,O,,,,,,,
84,VAUCLUSE,1,71552,41676,39638,2038,"58,25%",F,FOURNIER-ARMAND,Michele,PARTI SOCIALISTE,SOC,17159,N,F,ROIG,Marie-Josee,UNION POUR UN MOUVEMENT POPULAIRE,UMP,22479,O,,,,,,,
84,VAUCLUSE,2,120712,74020,71493,2527,"61,32%",M,JOSEPH,Jean-Louis,PARTI SOCIALISTE,SOC,31970,N,M,BOUCHET,Jean-Claude,UNION POUR UN MOUVEMENT POPULAIRE,UMP,39523,O,,,,,,,
84,VAUCLUSE,3,97321,57661,55340,2321,"59,25%",F,PERIS,Nadine,PARTI SOCIALISTE,SOC,19660,N,M,FERRAND,Jean-Michel,UNION POUR UN MOUVEMENT POPULAIRE,UMP,35680,O,,,,,,,
84,VAUCLUSE,4,82854,50285,47297,2988,"60,69%",M,MEFFRE,Pierre,PARTI SOCIALISTE,SOC,18843,N,M,MARIANI,Thierry,UNION POUR UN MOUVEMENT POPULAIRE,UMP,28454,O,,,,,,,
85,VENDEE,1,95366,53058,51070,1988,"55,64%",F,CEREIJO,Patricia,PARTI SOCIALISTE,SOC,22014,N,M,PREEL,Jean-Luc,MAJORITE PRESIDENTIELLE - PSLE,PSLE,29056,O,,,,,,,
85,VENDEE,2,91771,55226,53656,1570,"60,18%",F,BULTEAU,Sylviane,PARTI SOCIALISTE,SOC,24263,N,M,CAILLAUD,Dominique,UNION POUR UN MOUVEMENT POPULAIRE,UMP,29393,O,,,,,,,
86,VIENNE,1,82889,51411,49999,1412,"62,02%",M,CLAEYS,Alain,PARTI SOCIALISTE,SOC,29549,O,F,DAIGRE,Jacqueline,UNION POUR UN MOUVEMENT POPULAIRE,UMP,20450,N,,,,,,,
86,VIENNE,2,73476,47270,46057,1213,"64,33%",F,COUTELLE,Catherine,PARTI SOCIALISTE,SOC,25358,O,M,CHAMARD,Jean-Yves,UNION POUR UN MOUVEMENT POPULAIRE,UMP,20699,N,,,,,,,
86,VIENNE,3,67729,44532,43130,1402,"65,75%",M,CLEMENT,Jean-Michel,PARTI SOCIALISTE,SOC,21604,O,M,HERBERT,Gerard,UNION POUR UN MOUVEMENT POPULAIRE,UMP,21526,N,,,,,,,
86,VIENNE,4,75889,45265,42887,2378,"59,65%",F,TONDUSSON,Brigitte,PARTI SOCIALISTE,SOC,18605,N,M,ABELIN,Jean-Pierre,PARTI SOCIAL LIBERAL EUROPEEN,PSLE,24282,O,,,,,,,
87,HAUTE-VIENNE,1,54280,35497,34313,1184,"65,4%",F,BOULESTIN,Monique,PARTI SOCIALISTE,SOC,18218,O,M,MARSAUD,Alain,UNION POUR UN MOUVEMENT POPULAIRE,UMP,16095,N,,,,,,,
87,HAUTE-VIENNE,2,74002,51953,49513,2440,"70,2%",M,BOISSERIE,Daniel,PARTI SOCIALISTE,SOC,30149,O,F,GUILHEM,Evelyne,UNION POUR UN MOUVEMENT POPULAIRE,UMP,19364,N,,,,,,,
87,HAUTE-VIENNE,3,66256,44246,42724,1522,"66,78%",F,PEROL-DUMONT,Marie-Francoise,PARTI SOCIALISTE,SOC,26631,O,F,MARTINEAU,Beatrice,UNION POUR UN MOUVEMENT POPULAIRE,UMP,16093,N,,,,,,,
87,HAUTE-VIENNE,4,72013,46420,44524,1896,"64,46%",M,RODET,Alain,PARTI SOCIALISTE,SOC,29341,O,F,GENTIL,Sarah,UNION POUR UN MOUVEMENT POPULAIRE,UMP,15183,N,,,,,,,
88,VOSGES,2,75670,43591,41254,2337,"57,61%",M,PIERRET,Christian,PARTI SOCIALISTE,SOC,18566,N,M,CHERPION,Gerard,UNION POUR UN MOUVEMENT POPULAIRE,UMP,22688,O,,,,,,,
88,VOSGES,4,69407,43336,41902,1434,"62,44%",M,FRANQUEVILLE,Christian,PARTI SOCIALISTE,SOC,18555,N,M,GAULTIER,Jean-Jacques,UNION POUR UN MOUVEMENT POPULAIRE,UMP,23347,O,,,,,,,
89,YONNE,1,79127,47265,45252,2013,"59,73%",F,LE CORRE,Mireille,PARTI SOCIALISTE,SOC,20577,N,M,SOISSON,Jean-Pierre,UNION POUR UN MOUVEMENT POPULAIRE,UMP,24675,O,,,,,,,
89,YONNE,2,73861,44605,43166,1439,"60,39%",M,CAULLET,Jean-Yves,PARTI SOCIALISTE,SOC,19932,N,M,ROLLAND,Jean-Marie,UNION POUR UN MOUVEMENT POPULAIRE,UMP,23234,O,,,,,,,
89,YONNE,3,93241,54187,51718,2469,"58,11%",M,PARIS,Daniel,PARTI RADICAL DE GAUCHE (SOUTIEN PS),PRG,24290,N,F,FORT,Marie-Louise,UNION POUR UN MOUVEMENT POPULAIRE,UMP,27428,O,,,,,,,
90,TERRITOIRE DE BELFORT,1,46745,29277,28090,1187,"62,63%",F,FORCINAL,Anne-Marie,PARTI SOCIALISTE,SOC,11612,N,M,MESLOT,Damien,UNION POUR UN MOUVEMENT POPULAIRE,UMP,16478,O,,,,,,,
90,TERRITOIRE DE BELFORT,2,47484,30376,28820,1556,"63,97%",M,CHEVeNEMENT,Jean-Pierre,MOUVEMENT REPUBLICAIN ET CITOYEN (SOUTIEN PS),DVG,13119,N,M,ZUMKELLER,Michel,UNION POUR UN MOUVEMENT POPULAIRE,UMP,15701,O,,,,,,,
91,ESSONNE,1,67362,36671,35802,869,"54,44%",M,VALLS,Manuel,PARTI SOCIALISTE,SOC,21523,O,F,DE OLIVEIRA,Cristela,UNION POUR UN MOUVEMENT POPULAIRE,UMP,14279,N,,,,,,,
91,ESSONNE,3,93545,55125,53576,1549,"58,93%",F,ZINS,Brigitte,PARTI SOCIALISTE,SOC,24336,N,F,COLOT,Genevieve,UNION POUR UN MOUVEMENT POPULAIRE,UMP,29240,O,,,,,,,
91,ESSONNE,4,84637,50424,49167,1257,"59,58%",M,THOMAS,Olivier,PARTI SOCIALISTE,SOC,21591,N,F,KOSCIUSKO-MORIZET,Nathalie,UNION POUR UN MOUVEMENT POPULAIRE,UMP,27576,O,,,,,,,
91,ESSONNE,5,65743,41203,40232,971,"62,67%",F,OLIVIER,Maud,PARTI SOCIALISTE,SOC,20016,N,M,LASBORDES,Pierre,UNION POUR UN MOUVEMENT POPULAIRE,UMP,20216,O,,,,,,,
91,ESSONNE,6,73040,44671,43528,1143,"61,16%",M,LAMY,Francois,PARTI SOCIALISTE,SOC,22913,O,F,CARANTOIS,Veronique,UNION POUR UN MOUVEMENT POPULAIRE,UMP,20615,N,,,,,,,
91,ESSONNE,7,71880,40452,39440,1012,"56,28%",F,MATHIEU,Simone,PARTI SOCIALISTE,SOC,18917,N,M,MARSAUDON,Jean,UNION POUR UN MOUVEMENT POPULAIRE,UMP,20523,O,,,,,,,
91,ESSONNE,9,74159,42862,41933,929,"57,8%",M,MANDON,Thierry,PARTI SOCIALISTE,SOC,18542,N,M,TRON,Georges,UNION POUR UN MOUVEMENT POPULAIRE,UMP,23391,O,,,,,,,
91,ESSONNE,10,60771,34898,34002,896,"57,43%",M,DRAY,Julien,PARTI SOCIALISTE,SOC,18183,O,F,GAUDIN,Laurence,UNION POUR UN MOUVEMENT POPULAIRE,UMP,15819,N,,,,,,,
92,HAUTS-DE-SEINE,1,59278,28934,28110,824,"48,81%",M,MUZEAU,Roland,PARTI COMMUNISTE FRANCAIS,COM,17861,O,F,VIGNON,Veronique,UNION POUR UN MOUVEMENT POPULAIRE,UMP,10249,N,,,,,,,
92,HAUTS-DE-SEINE,2,62438,33868,32608,1260,"54,24%",F,ETCHEBERRY,Michele,PARTI SOCIALISTE,SOC,14286,N,M,AESCHLIMANN,Manuel,UNION POUR UN MOUVEMENT POPULAIRE,UMP,18322,O,,,,,,,
92,HAUTS-DE-SEINE,4,67297,37777,36708,1069,"56,13%",F,FRAYSSE,Jacqueline,PARTI COMMUNISTE FRANCAIS,COM,19985,O,M,DUPUY,Christian,UNION POUR UN MOUVEMENT POPULAIRE,UMP,16723,N,,,,,,,
92,HAUTS-DE-SEINE,5,68265,37368,35249,2119,"54,74%",M,CATOIRE,Gilles,PARTI SOCIALISTE,SOC,15773,N,M,BALKANY,Patrick,UNION POUR UN MOUVEMENT POPULAIRE,UMP,19476,O,,,,,,,
92,HAUTS-DE-SEINE,10,66489,38223,37107,1116,"57,49%",F,SCHMID,Lucille,PARTI SOCIALISTE,SOC,16366,N,M,SANTINI,Andre,MAJORITE PRESIDENTIELLE,UMP,20741,O,,,,,,,
92,HAUTS-DE-SEINE,11,65594,38461,37586,875,"58,63%",F,AMIABLE,Marie-Helene,PARTI COMMUNISTE FRANCAIS,COM,22016,O,M,METTON,Jean-Loup,UDF - MAJORITE PRESIDENTIELLE - PSLE,PSLE,15570,N,,,,,,,
92,HAUTS-DE-SEINE,12,85816,53615,52401,1214,"62,48%",M,KALTENBACH,Philippe,PARTI SOCIALISTE,SOC,24682,N,M,PEMEZEC,Philippe,UNION POUR UN MOUVEMENT POPULAIRE,UMP,27719,O,,,,,,,
92,HAUTS-DE-SEINE,13,85159,51058,49215,1843,"59,96%",F,CANET,Michele,PARTI SOCIALISTE,SOC,22197,N,M,DEVEDJIAN,Patrick,UNION POUR UN MOUVEMENT POPULAIRE,UMP,27018,O,,,,,,,
93,SEINE-SAINT-DENIS,1,50448,24189,23439,750,"47,95%",M,LE ROUX,Bruno,PARTI SOCIALISTE,SOC,14699,O,F,ESPINASSE,Briggitte,UNION POUR UN MOUVEMENT POPULAIRE,UMP,8740,N,,,,,,,
93,SEINE-SAINT-DENIS,2,50028,23054,22266,788,"46,08%",M,BRAOUEZEC,Patrick,PARTI COMMUNISTE FRANCAIS,COM,14472,O,F,NICOL,Evelyne,UNION POUR UN MOUVEMENT POPULAIRE,UMP,7794,N,,,,,,,
93,SEINE-SAINT-DENIS,3,45095,20574,19704,870,"45,62%",M,GOLDBERG,Daniel,PARTI SOCIALISTE,SOC,12121,O,M,HAMZA,Kamel,UNION POUR UN MOUVEMENT POPULAIRE,UMP,7583,N,,,,,,,
93,SEINE-SAINT-DENIS,4,45413,22579,22006,573,"49,72%",F,BUFFET,Marie-George,PARTI COMMUNISTE FRANCAIS,COM,12324,O,M,MEIGNEN,Thierry,UNION POUR UN MOUVEMENT POPULAIRE,UMP,9682,N,,,,,,,
93,SEINE-SAINT-DENIS,5,53222,27056,26380,676,"50,84%",M,SADI,ABDEL,PARTI COMMUNISTE FRANCAIS,COM,10585,N,M,LAGARDE,Jean-Christophe,BOBIGNY DRANCY,DVD,15795,O,,,,,,,
93,SEINE-SAINT-DENIS,6,60998,31659,30575,1084,"51,9%",M,BARTOLONE,Claude,PARTI SOCIALISTE,SOC,19758,O,M,DUPONT,Jean-Claude,UNION POUR UN MOUVEMENT POPULAIRE,UMP,10817,N,,,,,,,
93,SEINE-SAINT-DENIS,7,49878,17059,11912,5147,"34,2%",M,BRARD,Jean-Pierre,RASSEMBLEMENT DE LA GAUCHE POUR RESISTER,DVG,11912,O,,,,,,,,,,,,,,
93,SEINE-SAINT-DENIS,8,60718,33263,32184,1079,"54,78%",F,POCHON,Elizabeth,PARTI SOCIALISTE,SOC,14261,N,M,CALMEJANE,Patrice,UNION POUR UN MOUVEMENT POPULAIRE,UMP,17923,O,,,,,,,
93,SEINE-SAINT-DENIS,9,55283,28420,27590,830,"51,41%",F,GUIGOU,Elisabeth,PARTI SOCIALISTE,SOC,16622,O,F,VINCENT,Georgia,UNION POUR UN MOUVEMENT POPULAIRE,UMP,10968,N,,,,,,,
93,SEINE-SAINT-DENIS,10,52422,28336,27484,852,"54,05%",M,SEGURA,Gerard,PARTI SOCIALISTE,SOC,13473,N,M,GAUDRON,Gerard,SANS ETIQUETTE,UMP,14011,O,,,,,,,
93,SEINE-SAINT-DENIS,11,58750,31532,30771,761,"53,67%",M,ASENSI,Francois,PARTI COMMUNISTE FRANCAIS,COM,17464,O,F,VALLETON,Martine,UNION POUR UN MOUVEMENT POPULAIRE,UMP,13307,N,,,,,,,
93,SEINE-SAINT-DENIS,12,61849,33545,32632,913,"54,24%",M,POPELIN,Pascal,PARTI SOCIALISTE,SOC,15068,N,M,RAOULT,Eric,UNION POUR UN MOUVEMENT POPULAIRE,UMP,17564,O,,,,,,,
93,SEINE-SAINT-DENIS,13,69561,38931,37443,1488,"55,97%",M,PAJON,Michel,PARTI SOCIALISTE,SOC,20513,O,F,DEMUYNCK,Elizabeth,UNION POUR UN MOUVEMENT POPULAIRE,UMP,16930,N,,,,,,,
94,VAL-DE-MARNE,1,54868,31088,29067,2021,"56,66%",M,CAVADA,Jean-Marie,UDF - MOUVEMENT DEMOCRATE,MODEM,13305,N,M,PLAGNOL,Henri,UNION POUR UN MOUVEMENT POPULAIRE,UMP,15762,O,,,,,,,
94,VAL-DE-MARNE,2,64455,33557,32715,842,"52,06%",M,CATHALA,Laurent,PARTI SOCIALISTE,SOC,19690,O,F,BARON,Monique,UNION POUR UN MOUVEMENT POPULAIRE,UMP,13025,N,,,,,,,
94,VAL-DE-MARNE,3,68560,37557,36490,1067,"54,78%",M,SCHWARTZENBERG,Roger-Gerard,PARTI RADICAL DE GAUCHE (SOUTIEN PS),PRG,18171,N,M,GONZALES,Didier,UNION POUR UN MOUVEMENT POPULAIRE,UMP,18319,O,,,,,,,
94,VAL-DE-MARNE,4,70262,38917,37485,1432,"55,39%",F,ABRAHAM-THISSE,Simone,PARTI SOCIALISTE,SOC,16266,N,M,BENISTI,Jacques-Alain,UNION POUR UN MOUVEMENT POPULAIRE,UMP,21219,O,,,,,,,
94,VAL-DE-MARNE,5,61976,33460,32448,1012,"53,99%",M,ADENOT,Dominique,PARTI COMMUNISTE FRANCAIS,COM,14404,N,M,CARREZ,Gilles,UNION POUR UN MOUVEMENT POPULAIRE,UMP,18044,O,,,,,,,
94,VAL-DE-MARNE,6,77903,43658,42535,1123,"56,04%",M,DORNBUSCH,David,PARTI SOCIALISTE,SOC,19719,N,M,BEAUDOUIN,Patrick,UNION POUR UN MOUVEMENT POPULAIRE,UMP,22816,O,,,,,,,
94,VAL-DE-MARNE,7,58879,32748,31816,932,"55,62%",F,JOUBERT,Monique,PARTI SOCIALISTE,SOC,13221,N,F,MONTCHAMP,Marie-Anne,UNION POUR UN MOUVEMENT POPULAIRE,UMP,18595,O,,,,,,,
94,VAL-DE-MARNE,9,51790,26146,25220,926,"50,48%",M,ROUQUET,Rene,PARTI SOCIALISTE,SOC,16390,O,M,NJOH,Emmanuel,UNION POUR UN MOUVEMENT POPULAIRE,UMP,8830,N,,,,,,,
94,VAL-DE-MARNE,10,61144,31553,30462,1091,"51,6%",M,GOSNAT,Pierre,PARTI COMMUNISTE FRANCAIS,COM,19708,O,M,BACHSCHMIDT,Philippe,UNION POUR UN MOUVEMENT POPULAIRE,UMP,10754,N,,,,,,,
94,VAL-DE-MARNE,11,57674,31393,30458,935,"54,43%",M,LE BOUILLONNEC,Jean-Yves,PARTI SOCIALISTE,SOC,19126,O,F,PINON,Sophie,UNION POUR UN MOUVEMENT POPULAIRE,UMP,11332,N,,,,,,,
94,VAL-DE-MARNE,12,64529,36829,35832,997,"57,07%",M,SEVE,Patrick,PARTI SOCIALISTE,SOC,17723,N,M,DELL'AGNOLA,Richard,UNION POUR UN MOUVEMENT POPULAIRE,UMP,18109,O,,,,,,,
95,VAL-D'OISE,1,76973,44321,43242,1079,"57,58%",F,DROLON,Corine,PARTI SOCIALISTE,SOC,17884,N,M,HOUILLON,Philippe,UNION POUR UN MOUVEMENT POPULAIRE,UMP,25358,O,,,,,,,
95,VAL-D'OISE,2,114930,64396,62678,1718,"56,03%",M,LEFEBVRE,Dominique,PARTI SOCIALISTE,SOC,29408,N,M,PONIATOWSKI,Axel,UNION POUR UN MOUVEMENT POPULAIRE,UMP,33270,O,,,,,,,
95,VAL-D'OISE,3,83938,46115,44878,1237,"54,94%",F,LEON,Nelly,PARTI SOCIALISTE,SOC,20632,N,M,BARDET,Jean,UNION POUR UN MOUVEMENT POPULAIRE,UMP,24246,O,,,,,,,
95,VAL-D'OISE,4,71858,40225,39117,1108,"55,98%",M,SEBAOUN,Gerard,PARTI SOCIALISTE,SOC,17626,N,M,BODIN,Claude,UNION POUR UN MOUVEMENT POPULAIRE,UMP,21491,O,,,,,,,
95,VAL-D'OISE,5,64076,34418,33292,1126,"53,71%",M,LAMDAOUI,Faouzi,PARTI SOCIALISTE,SOC,16309,N,M,MOTHRON,Georges,UNION POUR UN MOUVEMENT POPULAIRE,UMP,16983,O,,,,,,,
95,VAL-D'OISE,6,72546,38642,37588,1054,"53,27%",F,GEORGELIN,Marie-Paule,PARTI SOCIALISTE,SOC,15752,N,M,SCELLIER,Francois,UNION POUR UN MOUVEMENT POPULAIRE,UMP,21836,O,,,,,,,
95,VAL-D'OISE,7,80868,44284,43246,1038,"54,76%",M,ARNAL,Didier,PARTI SOCIALISTE,SOC,18693,N,M,CHARTIER,Jerome,UNION POUR UN MOUVEMENT POPULAIRE,UMP,24553,O,,,,,,,
95,VAL-D'OISE,8,48838,26088,25517,571,"53,42%",M,STRAUSS KAHN,Dominique,PARTI SOCIALISTE,SOC,14154,O,F,NOACHOVITCH,Sylvie,UNION POUR UN MOUVEMENT POPULAIRE,UMP,11363,N,,,,,,,
95,VAL-D'OISE,9,65355,34705,33812,893,"53,1%",M,BLAZY,Jean-Pierre,PARTI SOCIALISTE,SOC,16761,N,M,PATERNOTTE,Yanick,UNION POUR UN MOUVEMENT POPULAIRE,UMP,17051,O,,,,,,,
971,GUADELOUPE,1,62429,25321,23049,2272,"40,56%",M,JALTON,Eric,DIVERS GAUCHE,DVG,14453,O,F,JERPAN,Josette,OBJECTIF GUADELOUPE,DVD,8596,N,,,,,,,
971,GUADELOUPE,2,88463,38147,35970,2177,"43,12%",M,MOUTOUSSAMY,Ernest,GAUCHE PROGRESSISTE,DVG,16234,N,F,LOUIS-CARABIN,Gabrielle,UNION POUR UN MOUVEMENT POPULAIRE,UMP,19736,O,,,,,,,
971,GUADELOUPE,3,81899,33578,31083,2495,41%,F,MARC ,Jeanny,GUADELOUPE UNIE SOCIALISME ET REALITES,DVG,18061,O,M,BEAUGENDRE,Joel,UNION POUR UN MOUVEMENT POPULAIRE,UMP,13022,N,,,,,,,
971,GUADELOUPE,4,70704,31973,30109,1864,"45,22%",M,LUREL,Victorin,PARTI SOCIALISTE,SOC,15830,O,M,DORVILLE,Albert,SANS ETIQUETTE,DIV,14279,N,,,,,,,
972,MARTINIQUE,1,60751,27433,25720,1713,"45,16%",M,MANSCOUR,Louis-Joseph,PARTI SOCIALISTE,SOC,14151,O,M,MONPLAISIR,Yan Anselme,UNION POUR UN MOUVEMENT POPULAIRE,UMP,11569,N,,,,,,,
972,MARTINIQUE,2,61725,27071,25600,1471,"43,86%",F,CONCONNE,Catherine,DIVERS GAUCHE,DVG,12332,N,M,ALMONT,Alfred,UNION POUR UN MOUVEMENT POPULAIRE,UMP,13268,O,,,,,,,
972,MARTINIQUE,3,62264,25218,23691,1527,"40,5%",M,EDMOND-MARIETTE,Philippe,DIVERS GAUCHE,DVG,7636,N,M,LETCHIMY,Serge,PARTI PROGRESSISTE MARTINIQUAIS,DVG,16055,O,,,,,,,
972,MARTINIQUE,4,103516,41661,38962,2699,"40,25%",M,LESUEUR,Andre,UNION POUR UN MOUVEMENT POPULAIRE,UMP,12289,N,M,MARIE-JEANNE,Alfred,REGIONALISTES,DIV,26673,O,,,,,,,
973,GUYANE,1,22318,9476,8981,495,"42,46%",F,TAUBIRA,Christiane,WALWARI,PRG,5695,O,M,BUDOC,Remy-Louis,UNION POUR UN MOUVEMENT POPULAIRE,UMP,3286,N,,,,,,,
973,GUYANE,2,40489,17896,17046,850,"44,2%",F,BERTHELOT,Chantal,SANS ETIQUETTE,DVG,9012,O,M,BERTRAND,LEON,UNION POUR UN MOUVEMENT POPULAIRE,UMP,8034,N,,,,,,,
974,LA REUNION,1,83856,45989,43158,2831,"54,84%",M,ANNETTE,Gilbert,PARTI SOCIALISTE,SOC,20951,N,M,VICTORIA,Rene-Paul,UNION POUR UN MOUVEMENT POPULAIRE,UMP,22207,O,,,,,,,
974,LA REUNION,2,108157,62300,58568,3732,"57,6%",F,BELLO,Huguette,PARTI COMMUNISTE REUNIONNAIS,COM,34911,O,M,BENARD,Alain,IDENTITE ET REPUBLIQUE,DVD,23657,N,,,,,,,
974,LA REUNION,3,126885,82572,78218,4354,"65,08%",M,VERGES,Paul,PARTI COMMUNISTE REUNIONNAIS,COM,29396,N,M,ROBERT,Didier,UNION POUR UN MOUVEMENT POPULAIRE,UMP,48822,O,,,,,,,
974,LA REUNION,4,93834,62737,60115,2622,"66,86%",M,LEBRETON,Patrick,PARTI SOCIALISTE,SOC,34994,O,M,FONTAINE,Michel,UNION POUR UN MOUVEMENT POPULAIRE,UMP,25121,N,,,,,,,
974,LA REUNION,5,100198,58909,55948,2961,"58,79%",M,FRUTEAU,Jean-Claude,PARTI SOCIALISTE,SOC,33543,O,M,AUDIFAX,Bertho,UNION POUR UN MOUVEMENT POPULAIRE,UMP,22405,N,,,,,,,
975,SAINT-PIERRE-ET-MIQUELON,1,4923,3740,3542,198,"75,97%",F,GIRARDIN ,Annick,DIV - CAP SUR L'AVENIR,PRG,1816,O,M,GRIGNON,Gerard,DIV-ARCHIPEL DEMAIN,UMP,1726,N,,,,,,,
985,MAYOTTE,1,64666,34647,33379,1268,"53,58%",M,KAMARDINE,Mansour,UNION POUR UN MOUVEMENT POPULAIRE,UMP,14590,N,M,ALY,Abdoulatifou,FORCE DE L'ALTERNANCE DU MDM,DIV,18789,O,,,,,,,
986,WALLIS ET FUTUNA,1,11157,8089,8017,72,"72,5%",M,LIKUVALU,Albert,PARTI SOCIALISTE,SOC,4152,O,M,BRIAL,Victor,UNION POUR UN MOUVEMENT POPULAIRE,UMP,3865,N,,,,,,,
987,POLYNESIE FRANCAISE,1,93812,60876,60028,848,"64,89%",M,BUILLARD,Michel,DIVERS DROITE,DVD,32459,O,M,TEMARU,Oscar Manutahi,FRONT DE LIBERATION DE LA POLYNESIE,DIV,27569,N,,,,,,,
987,POLYNESIE FRANCAISE,2,73900,44446,43395,1051,"60,14%",M,SANDRAS,Bruno,TAHOERAA HUIRAATIRA,UMP,24707,O,M,FREBAULT,Pierre Aroarii,UNION POUR LA DEMOCRATIE,DIV,18688,N,,,,,,,
988,NOUVELLE-CALEDONIE,1,68928,39789,38623,1166,"57,73%",M,YANNO,Gael,UNION POUR UN MOUVEMENT POPULAIRE,UMP,26732,O,M,WASHETINE,Charles,FLNKS,DIV,11891,N,,,,,,,
988,NOUVELLE-CALEDONIE,2,77938,48462,47222,1240,"62,18%",M,FROGIER,Pierre,UNION POUR UN MOUVEMENT POPULAIRE,UMP,25559,O,M,PIDJOT,Charles,FLNKS,DIV,21663,N,,,,,,,
