Code département,département,circonscription,Inscrits,Votants,Exprimés,Blancs et nuls,Taux de participation (%),1 Sexe candidat,1 Nom candidat,1 Prénom candidat,1 Etiquette liste,1 nuance,1 voix,1 Elu,2 Sexe candidat,2 Nom candidat,2 Prénom candidat,2 Etiquette liste,2 nuance,2 voix,2 Elu,3 Sexe candidat,3 Nom candidat,3 Prénom candidat,3 Etiquette liste,3 nuance,3 voix,3 Elu
1,AIN,1,71856,50978,50179,799,"70,94%",M,BOYON,JACQUES,UNION POUR LE RASSEMBLEMENT AU CENTRE,RPR,26307,O,M,SAINT PIERRE,DOMINIQUE,MAJORITE PRESIDENTIELLE POUR UNE FRANCE UNIE,RDG,23872,N,,,,,,,
1,AIN,2,67772,46441,45501,940,"68,53%",M,GUICHON,LUCIEN,UNION POUR LE RASSEMBLEMENT AU CENTRE,RPR,24360,O,M,LORA TONET,GERARD,MAJORITE PRESIDENTIELLE POUR UNE FRANCE UNIE,SOC,21141,N,,,,,,,
1,AIN,4,78835,54562,53639,923,"69,21%",M,RAVASSARD,NOEL,MAJORITE PRESIDENTIELLE POUR UNE FRANCE UNIE,SOC,26451,N,M,VOISIN,MICHEL,UNION POUR LE RASSEMBLEMENT AU CENTRE,UDF,27188,O,,,,,,,
2,AISNE,1,69458,52554,51413,1141,"75,66%",M,DOSIERE,RENE,,SOC,27134,O,M,LAMANT,JEAN CLAUDE,,RPR,24279,N,,,,,,,
2,AISNE,2,73759,54192,51793,2399,"73,47%",M,LE MEUR,DANIEL,PARTI COMMUNISTE,COM,30431,O,M,PAGNI,ANTOINE,,UDF,21362,N,,,,,,,
2,AISNE,3,75653,56243,54226,2017,"74,34%",M,BALLIGAND,JEAN PIERRE,,SOC,35010,O,M,BOURY,JACQUES,,UDF,19216,N,,,,,,,
2,AISNE,4,76197,52436,50870,1566,"68,82%",M,DE BROSSES,JACQUES,,RPR,18111,N,M,LEFRANC,BERNARD,,SOC,32759,O,,,,,,,
2,AISNE,5,70209,51884,51000,884,"73,9%",M,JOURDAIN,DOMINIQUE,,SOC,25479,N,M,ROSSI,ANDRE,,UDF,25521,O,,,,,,,
3,ALLIER,1,58723,43866,42863,1003,"74,7%",M,COLCOMBET,FRANCOIS,MAJORITE PRESIDENTIELLE POUR LA FRANCE UNIE,SOC,23424,O,M,MARTIN,JEAN PAUL,UNION REPUBLICAINE POUR L ALLIER,RPR,19439,N,,,,,,,
3,ALLIER,2,69656,50378,47793,2585,"72,32%",M,GOLDBERG,PIERRE,CANDIDAT DU RASSEMBLEMENT DES FORCES DE GAUCHE,COM,26873,O,M,GRAVIER,JEAN,UNION DU RASSEMBLEMENT ET DU CENTRE,DVD,20920,N,,,,,,,
3,ALLIER,3,72415,54888,53023,1865,"75,8%",M,COULON,BERNARD,UNION DU RASSEMBLEMENT ET DU CENTRE,UDF,23592,N,M,LAJOINTE,ANDRE,CANDIDAT DU RASSEMBLEMENT DES FORCES DE GAUCHE,COM,29431,O,,,,,,,
3,ALLIER,4,65244,47881,46358,1523,"73,39%",M,BELORGEY,JEAN MICHEL,MAJORITE PRESIDENTIELLE POUR LA FRANCE UNIE,SOC,23485,O,M,MALHURET,CLAUDE,UNION DU RASSEMBLEMENT ET DU CENTRE,UDF,22873,N,,,,,,,
4,ALPES-DE-HAUTE-PROVENCE,1,47343,35906,34860,1046,"75,84%",M,GALIZI,FRANCIS,,UDF,15983,N,M,MASSOT,FRANCOIS,,SOC,18877,O,,,,,,,
4,ALPES-DE-HAUTE-PROVENCE,2,50140,37916,36805,1111,"75,62%",M,BELLON,ANDRE,,SOC,18959,O,M,DELMAR,PIERRE,,RPR,17846,N,,,,,,,
5,HAUTES-ALPES,1,45429,36165,35308,857,"79,61%",M,CHEVALLIER,DANIEL,,SOC,17798,O,M,BERNARD REYMOND,PIERRE,UNION POUR LA DEMOCRATIE FRANCAISE,UDF,17510,N,,,,,,,
5,HAUTES-ALPES,2,36323,27107,26221,886,"74,63%",M,DE CAUMONT,ROBERT,CR MAJORITE PRESIDENTIELLE POUR UNE FRANCE UNIE,SOC,11235,N,M,OLLIER,PATRICK,UNION DU RASSEMBLEMENT ET DU CENTRE,RPR,14986,O,,,,,,,
6,ALPES-MARITIMES,1,66204,44904,43655,1249,"67,83%",M,EHRMANN,CHARLES,UNION DU RASSEMBLEMENT ET DU CENTRE,UDF,25045,O,M,POGLIANO,RICHARD,,SOC,18610,N,,,,,,,
6,ALPES-MARITIMES,2,72240,47127,45972,1155,"65,24%",F,DAUGREILH,MARTINE,UNION DE RASSEMBLEMENT ET DU CENTRE,RPR,29241,O,M,MOTTARD,PATRICK,,SOC,16731,N,,,,,,,
6,ALPES-MARITIMES,3,72099,47615,46405,1210,"66,04%",F,MATRINGE,MICHELE,MAJORITE PRESIDENTIELLE POUR LA FRANCE UNIE,SOC,19429,N,M,SALLES,RUDY,UNION DU RASSEMBLEMENT ET DU CENTRE,UDF,26976,O,,,,,,,
6,ALPES-MARITIMES,4,70259,50947,48009,2938,"72,51%",M,AUBERT,EMMANUEL,UNION DU RASSEMBLEMENT ET DU CENTRE,RPR,26770,O,F,MATHIEU,MICHELE,MAJORITE PRESIDENTIELLE POUR LA FRANCE UNIE,SOC,21239,N,,,,,,,
6,ALPES-MARITIMES,5,74624,55236,53822,1414,"74,02%",M,COLONNA,JEAN HUGUES,MAJORITE PRESIDENTIELLE POUR LA FRANCE UNIE,SOC,25881,N,M,ESTROSI,CHRISTIAN,,RPR,27941,O,,,,,,,
6,ALPES-MARITIMES,6,77248,52781,51164,1617,"68,33%",F,BOIVIN,ODETTE,MAJORITE PRESIDENTIELLE POUR LA FRANCE UNIE,SOC,19713,N,F,SAUVAIGO,SUZANNE,UNION DU RASSEMBLEMENT ET DU CENTRE,RPR,31451,O,,,,,,,
6,ALPES-MARITIMES,7,77639,53110,51364,1746,"68,41%",M,MERLI,PIERRE,UNION DU RASSEMBLEMENT ET DU CENTRE,UDF,33482,O,M,ROLANT,MICHEL,MAJORITE PRESIDENTIELLE POUR LA FRANCE UNIE,SOC,17882,N,,,,,,,
6,ALPES-MARITIMES,8,60268,41815,40685,1130,"69,38%",F,MOREAU,LOUISE,UNION DU RASSEMBLEMENT ET DU CENTRE,UDF,26574,O,M,ROSSI,HENRI,MAJORITE PRESIDENTIELLE,SOC,14111,N,,,,,,,
6,ALPES-MARITIMES,9,80067,55327,53818,1509,"69,1%",M,BACHELET,PIERRE,UNION DU RASSEMBLEMENT ET DU CENTRE,RPR,33688,O,M,GIOLITTI,FRANCIS,MAJORITE PRESIDENTIELLE POUR LA FRANCE UNIE,SOC,20130,N,,,,,,,
7,ARDECHE,1,64231,47998,46717,1281,"74,73%",M,CHAPUIS,ROBERT,PARTI SOCIALISTE,SOC,25473,O,M,CHAGOUNOFF,GEORGES,RASSEMBLEMENT POUR LA REPUBLIQUE,RPR,21244,N,,,,,,,
7,ARDECHE,2,74795,54222,53157,1065,"72,49%",M,DONDOUX,JACQUES,,MAJ,25880,N,M,PERBET,REGIS,,RPR,27277,O,,,,,,,
7,ARDECHE,3,63959,49630,48476,1154,"77,6%",M,MICHEL,JEAN FRANCOIS,,UDF,23738,N,M,ALAIZE,JEAN MARIE,PARTI SOCIALISTE,SOC,24738,O,,,,,,,
8,ARDENNES,1,69554,50373,48814,1559,"72,42%",M,MAS,ROGER,MAJORITE PRESIDENTIELLE POUR LA FRANCE UNIE,SOC,25370,O,M,VUIBERT,MICHEL,UNION POUR LE RASSEMBLEMENT ET POUR LE CENTRE,UDF,23444,N,,,,,,,
8,ARDENNES,2,64127,42623,40873,1750,"66,47%",M,FOSTIER,PATRICK,UNION POUR LE RASSEMBLEMENT ET POUR LE CENTRE,RPR,15380,N,M,ISTACE,GERARD,MAJORITE PRESIDENTIELLE POUR LA FRANCE UNIE,SOC,25493,O,,,,,,,
8,ARDENNES,3,60113,44806,43915,891,"74,54%",M,BACHY,JEAN PAUL,MAJORITE PRESIDENTIELLE POUR LA FRANCE UNIE,SOC,22789,O,M,SOURDILLE,JACQUES,UNION POUR LE RASSEMBLEMENT ET POUR LE CENTRE,RPR,21126,N,,,,,,,
9,ARIEGE,2,54843,41228,39987,1241,"75,17%",M,TRIGANO,ANDRE,UNION DU RASSEMBLEMENT ET DU CENTRE,DVD,15322,N,M,MASSAT,RENE,PARTI SOCIALISTE,SOC,24665,O,,,,,,,
10,AUBE,1,54923,39400,38391,1009,"71,74%",M,MICAUX,PIERRE,,UDF,20986,O,M,BRET,MARC,PARTI SOCIALISTE,SOC,17405,N,,,,,,,
10,AUBE,2,66708,48661,47559,1102,"72,95%",M,GALLEY,ROBERT,UNION DU RASSEMBLEMENT ET DU CENTRE,RPR,25229,O,M,WEINLING,JEAN,PARTI SOCIALISTE,SOC,22330,N,,,,,,,
10,AUBE,3,70743,49389,48066,1323,"69,81%",M,COILLOT,ALAIN,UNION DU RASSEMBLEMENT ET DU CENTRE,UDF,23824,N,M,CARTELET,MICHEL,PARTI SOCIALISTE,SOC,24242,O,,,,,,,
11,AUDE,1,62624,47119,45078,2041,"75,24%",M,LARRAT,GERARD,UNION DU RASSAMBLEMENT ET DU CENTRE,UDF,17333,N,M,VIDAL,JOSEPH,PARTIE SOCIALISTE,SOC,27745,O,,,,,,,
11,AUDE,2,83961,61031,57946,3085,"72,69%",M,FABRY,ROGER,UNION DU RASSEMBLEMENT ET DU CENTRE,RPR,20485,N,M,BARAILLA,REGIS,PARTI SOCIALISTE,SOC,37461,O,,,,,,,
13,BOUCHES-DU-RHONE,1,63571,44104,43164,940,"69,38%",M,BLUM,ROLAND,UNION DU RASSEMBLEMENT ET DU CENTRE,UDF,23441,O,M,ROCCA SERRA,JULES,MAJORITE PRESIDENTIELLE POUR LA FRANCE UNIE,SOC,19723,N,,,,,,,
13,BOUCHES-DU-RHONE,2,63028,43908,43002,906,"69,66%",M,CORDONNIER,JEAN VICTOR,MAJORITE PRESIDENTIELLE POUR LA FRANCE UNIE,SOC,16928,N,M,GAUDIN,JEAN CLAUDE,UNION DU RASSEMBLEMENT ET DU CENTRE,UDF,26074,O,,,,,,,
13,BOUCHES-DU-RHONE,3,58140,38052,36685,1367,"65,45%",M,ROUSSEL,JEAN,LISTE D ENTENTE POPULAIRE ET NATIONALE,FRN,18184,N,M,SANMARCO,PHILIPPE,MAJORITE PRESIDENTIELLE POUR LA FRANCE UNIE,SOC,18501,O,,,,,,,
13,BOUCHES-DU-RHONE,4,56584,35165,34085,1080,"62,15%",M,ISOARDO,ANDRE,LISTE D ENTENTE POPULAIRE ET NATIONALE,FRN,12429,N,M,HERMIER,GUY,PARTI COMMUNISTE FRANCAIS,COM,21656,O,,,,,,,
13,BOUCHES-DU-RHONE,5,57284,39237,37675,1562,"68,5%",M,DOMENECH,GABRIEL,LISTE D ENTENTE POPULAIRE ET NATIONALE,FRN,18315,N,F,ECOCHARD,JANINE,MAJORITE PRESIDENTIELLE POUR LA FRANCE UNIE,SOC,19360,O,,,,,,,
13,BOUCHES-DU-RHONE,6,63391,45842,44816,1026,"72,32%",M,TAPIE,BERNARD,MAJORITE PRESIDENTIELLE POUR LA FRANCE UNIE,MAJ,22366,N,M,TEISSIER,GUY,UNION DU RASSEMBLEMENT ET DU CENTRE,UDF,22450,O,,,,,,,
13,BOUCHES-DU-RHONE,7,56584,36512,35457,1055,"64,53%",M,ARRIGHI,PASCAL,LISTE D ENTENTE POPULAIRE ET NATIONALE MEMBRE DE L ASSEMBLEE DE CORSE,FRN,15087,N,M,PEZET,MICHEL,MAJORITE PRESIDENTIELLE POUR LA FRANCE UNIE,SOC,20370,O,,,,,,,
13,BOUCHES-DU-RHONE,8,64149,45542,44031,1511,"70,99%",M,LE PEN,JEAN MARIE,LISTE D ENTENTE POPULAIRE ET NATIONALE,FRN,19185,N,M,MASSE,MARIUS,MAJORITE PRESIDENTIELLE POUR LA FRANCE UNIE,SOC,24846,O,,,,,,,
13,BOUCHES-DU-RHONE,9,72586,52895,49956,2939,"72,87%",M,PERDOMO,RONALD,LISTE D ENTENTE POPULAIRE ET NATIONALE,FRN,23961,N,M,TARDITO,JEAN,PARTI COMMUNISTE FRANCAIS,COM,25995,O,,,,,,,
13,BOUCHES-DU-RHONE,10,87954,64837,61704,3133,"73,72%",M,MEGRET,BRUNO,LISTE D ENTENTE POPULAIRE ET NATIONALE,FRN,27094,N,M,VIDAL,YVES,MAJORITE PRESIDENTIELLE POUR LA FRANCE UNIE,SOC,34610,O,,,,,,,
13,BOUCHES-DU-RHONE,11,72155,52443,51116,1327,"72,68%",M,KERT,CHRISTIAN,UNION DU RASSEMBLEMENT ET DU CENTRE,UDF,26258,O,M,VALLET,ANDRE,MAJORITE PRESIDENTIELLE POUR LA FRANCE UNIE,SOC,24858,N,,,,,,,
13,BOUCHES-DU-RHONE,12,79782,57591,55205,2386,"72,19%",M,D ATTILIO,HENRI,MAJORITE PRESIDENTIELLE POUR LA FRANCE UNIE,SOC,30842,O,M,STIRBOIS,JEAN PIERRE,LISTE D ENTENTE POPULAIRE ET NATIONALE,FRN,24363,N,,,,,,,
13,BOUCHES-DU-RHONE,13,68104,46962,44674,2288,"68,96%",M,DUCHENE,JACQUES,RPR UDF UNION DU RASSEMBLEMENT ET DU CENTRE,RPR,16813,N,M,LOMBARD,PAUL,PARTI COMMUNISTE FRANCAIS,COM,27861,O,,,,,,,
13,BOUCHES-DU-RHONE,14,78961,56539,54624,1915,"71,6%",M,DE PERETTI DELLA ROCCA,JEAN PIERRE,,UDF,29072,O,F,PIVASSET,GERMAINE,MAJORIETE PRESIDENTIELLE POUR LA FRANCE UNIE,SOC,25552,N,,,,,,,
13,BOUCHES-DU-RHONE,15,71439,53935,52161,1774,"75,5%",M,CONTE,DANIEL,MAJORITE PRESIDENTIELLE POUR LA FRANCE UNIE,SOC,25593,N,M,VACHET,LEON,UNION DU RASSEMBLEMENT ET DU CENTRE,RPR,26568,O,,,,,,,
13,BOUCHES-DU-RHONE,16,73692,52100,49996,2104,"70,7%",F,AILLAUD,THERESE,UNION DU RASSEMBLEMENT ET DU CENTRE,UDF,22647,N,M,VAUZELLE,MICHEL,MAJORITE PRESIDENTIELLE POUR LA FRANCE UNIE,SDC,27349,O,,,,,,,
14,CALVADOS,1,63767,43532,42762,770,"68,27%",M,LEDRAN,ANDRE,,SOC,21145,N,M,SAINT ELLIER,FRANCIS,,UDF,21617,O,,,,,,,
14,CALVADOS,3,68183,49968,48858,1110,"73,29%",M,FANTON,ANDRE,,SOC,23687,N,F,ROUDY,YVETTE,,SOC,25171,O,,,,,,,
14,CALVADOS,5,79382,54795,53362,1433,"69,03%",M,D HARCOURT,FRANCOIS,,DVD,30446,O,M,JOUET,ROGER,,MAJ,22916,N,,,,,,,
14,CALVADOS,6,74619,54712,53549,1163,"73,32%",M,BOURREE,MICHEL,,SOC,25504,N,M,GARREC,RENE,,UDF,28045,O,,,,,,,
15,CANTAL,1,61951,48855,47866,989,"78,86%",M,COUSSAIN,YVES,UNION DU RASSEMBLEMENT ET DU CENTRE B,UDF,24321,O,M,SOUCHON,RENE,MAJORITE PRESIDENTIELLE,SOC,23545,N,,,,,,,
16,CHARENTE,1,61005,43804,42941,863,"71,8%",M,CHAVANES,GEORGES,,UDF,21583,O,M,GADRAT,JEAN MICHEL,,SOC,21358,N,,,,,,,
16,CHARENTE,2,60930,43765,42990,775,"71,83%",M,HOUSSIN,PIERRE REMY,,RPR,21817,O,M,RICHARD,ROBERT,,SOC,21173,N,,,,,,,
16,CHARENTE,3,70970,53305,51620,1685,"75,11%",M,DUREPAIRE,RENE,,UDF,21328,N,M,LAMBERT,JEROME,,SOC,30292,O,,,,,,,
17,CHARENTE-MARITIME,1,74694,50353,49063,1290,"67,41%",M,CREPEAU,MICHEL,,RDG,27481,O,M,HAREL,JEAN,UNION DU RASSEMBLEMENT ET DU CENTRE,RPR,21582,N,,,,,,,
17,CHARENTE-MARITIME,2,72904,50585,49689,896,"69,39%",M,BRANGER,JEAN GUY,UNION DU RASSEMBLEMENT ET DU CENTRE,UDF,25299,O,M,HERMOUET,YVES,MAJORITE PRESIDENTIELLE POUR LA FRANCE UNIE,SOC,24390,N,,,,,,,
17,CHARENTE-MARITIME,4,79520,57145,56067,1078,"71,86%",M,BUSSEREAU,DOMINIQUE,UNION DU RASSEMBLEMENT ET DU CENTRE,UDF,27180,N,M,MARCHAND,PHILIPPE,,SOC,28887,O,,,,,,,
17,CHARENTE-MARITIME,5,78162,54381,53203,1178,"69,57%",M,DE LIPKOWSKI,JEAN NOEL,,RPR,29271,O,M,DUBOIS,HENRI GEORGES,,SOC,23932,N,,,,,,,
18,CHER,1,73353,53910,52800,1110,"73,49%",M,DENIAU,JEAN FRANCOIS,UNION DU RASSEMBLEMENT ET DU CENTRE,UDF,27407,O,M,SAULNIER,JEAN PIERRE,MAJORITE PRESIDENTIELLE POUR LA FRANCE UNIE,SOC,25393,N,,,,,,,
18,CHER,2,67498,47122,45478,1644,"69,81%",M,LE COCQ,PIERRE,,DVD,18273,N,M,RIMBAULT,JACQUES,PARTI COMMUNISTE FRANCAIS,COM,27205,O,,,,,,,
18,CHER,3,84124,63274,61839,1435,"75,22%",M,CALMAT,ALAIN,DEMOCRATE DE PROGRES MAJORITE PRESIDENTIELLE,MAJ,32895,O,M,VINCON,SERGE,RASSEMBLEMENT POUR LA REPUBLIQUE,RPR,28944,N,,,,,,,
19,CORREZE,1,66717,55173,53411,1762,"82,7%",M,AUBERT,RAYMOND MAX,UNION DU RASSEMBLEMENT ET DU CENTRE,RPR,24618,N,M,HOLLANDE,FRANCOIS,PARTI SOCIALISTE,SOC,28793,O,,,,,,,
19,CORREZE,2,61345,50518,48974,1544,"82,35%",M,CHARBONNEL,JEAN,UNION DE RASSEMBLEMENT ET DU CENTRE,RPR,25176,O,M,CASSAING,JEAN CLAUDE,PARTI SOCIALISTE,SOC,23798,N,,,,,,,
21,COTE-D'OR,2,56013,38413,37671,742,"68,58%",M,DE BROISSIA,LOUIS,,RPR,19504,O,M,VIALLON,JEAN BAPTISTE,,SOC,18167,N,,,,,,,
21,COTE-D'OR,4,68709,50904,49985,919,"74,09%",M,MATHIEU,GILBERT,UNION DU RASSEMBLEMENT ET DU CENTRE,UDF,27116,O,M,NEUGNOT,MICHEL,,SOC,22869,N,,,,,,,
21,COTE-D'OR,5,72954,52626,51784,842,"72,14%",M,JACOB,LUCIEN,UNION DU RASSEMBLEMENT ET DU CENTRE,RPR,24674,N,M,PATRIAT,FRANCOIS,,SOC,27110,O,,,,,,,
22,COTES-D'ARMOR,1,77875,56375,54641,1734,"72,39%",M,DOLLO,YVES,MAJORITE PRESIDENTIELLE POUR LA FRANCE UNIE,SOC,31860,O,M,JONCOUR,BRUNO,UNION DU RASSEMBLEMENT ET DU CENTRE,UDF,22781,N,,,,,,,
22,COTES-D'ARMOR,4,81794,63802,61197,2605,78%,M,BRIAND,MAURICE,MAJORITE PRESIDENTIELLE POUR LA FRANCE UNIE,SOC,37882,O,M,PENNEC,DANIEL,UNION DE RASSEMBLEMENT ET DU CENTRE,RPR,23315,N,,,,,,,
22,COTES-D'ARMOR,5,91358,69510,68178,1332,"76,09%",M,SABBAGH,MARC,UNION DU RASSEMBLEMENT ET DU CENTRE,RPR,28114,N,M,TREMEL,PIERRE YVON,FRANCE UNIE,SOC,40064,O,,,,,,,
23,CREUSE,1,54539,39209,38220,989,"71,89%",M,LEJEUNE,ANDRE,CANDIDAT DE LA MAJORITE PRESIDENTIELLE,SOC,23139,O,M,VIENNOIS,JACQUES,,RPR,15081,N,,,,,,,
23,CREUSE,2,56525,43762,42980,782,"77,42%",M,CHARTRON,JACQUES,UNION DU RASEMBLEMENT ET DU CENTRE,RPR,20415,N,M,RIMAREIX,GASTON,,SOC,22565,O,,,,,,,
24,DORDOGNE,1,72090,58426,56773,1653,"81,05%",M,BIOULAC,BERNARD,PARTI SOCIALISTE,SOC,29491,O,M,GUENA,YVES,RASSEMBLEMENT POUR LA REPUBLIQUE,RPR,27282,N,,,,,,,
24,DORDOGNE,2,75312,58545,56620,1925,"77,74%",M,SUCHOD,MICHEL,PARTI SOCIALISTE,SOC,30856,O,M,MARTY,ELIE,UNION POUR LA DEMOCRATIE FRANCAISE,UDF,25764,N,,,,,,,
24,DORDOGNE,3,74859,60774,58302,2472,"81,18%",M,BONNET,ALAIN,MOUVEMENT DES RADICAUX DE GAUCHE,RDG,33911,O,M,LAVIALE,CLAUDE,UNION POUR LA DEMOCRATIE FRANCAISE,UDF,24391,N,,,,,,,
24,DORDOGNE,4,79569,64468,62381,2087,"81,02%",M,DUMAS,ROLAND,PARTI SOCIALISTE,SOC,34497,O,M,DE PERETTI,JEAN JACQUES,RASSEMBLEMENT POUR LA REPUBLIQUE,RPR,27884,N,,,,,,,
25,DOUBS,1,55826,41199,40161,1038,"73,8%",M,SCHWINT,ROBERT,PARTI SOCIALISTE,SOC,21944,O,M,GIRARD,CLAUDE,RASSEMBLEMENT POUR LA REPUBLIQUE,RPR,18217,N,,,,,,,
25,DOUBS,2,63281,47239,46287,952,"74,65%",M,MERCADIE,MICHEL,MAJORITE PRESIDENTIELLE,MAJ,22899,N,M,JACQUEMIN,MICHEL,UNION POUR LA DEMOCRATIE FRANCAISE,UDF,23388,O,,,,,,,
25,DOUBS,3,61481,46155,45143,1012,"75,07%",M,BECHE,GUY,PARTI SOCIALISTE,SOC,23115,O,M,KUSTER,GERARD,RASSEMBLEMENT POUR LA REPUBLIQUE,RPR,22028,N,,,,,,,
25,DOUBS,4,64221,43130,41924,1206,"67,16%",F,BOUCHARDEAU,HUGUETTE,,MAJ,23810,O,M,BOURDENET,JEAN,,UDF,18114,N,,,,,,,
25,DOUBS,5,62137,46094,43719,2375,"74,18%",M,ROY,DENIS,PARTI SOCIALISTE,SOC,18140,N,M,VUILLAUME,ROLAND,RASSEMBLEMENT POUR LA REPUBLIQUE,RPR,25579,O,,,,,,,
26,DROME,1,63454,44756,43708,1048,"70,53%",M,PARENT,REGIS,UNION DU RASSEMBLEMENT DU CENTRE,RPR,20930,N,M,LERON,ROGER,PARTI SOCIALISTE,SOC,22778,O,,,,,,,
26,DROME,2,62990,46586,45302,1284,"73,96%",M,MOUTON,JEAN,UNION DU RASSEMBLEMENT ET DU CENTRE,UDF,22373,N,M,FORT,ALAIN,PARTI SOCIALISTE,SOC,22929,O,,,,,,,
26,DROME,3,78501,57332,55914,1418,"73,03%",M,MARITON,HERVE,UNION DU RASSEMBLEMENT ET DU CENTRE,UDF,24671,N,M,MICHEL,HENRI,PARTI SOCIALISTE,SOC,31243,O,,,,,,,
26,DROME,4,70324,50563,49246,1317,"71,9%",M,DURAND,GEORGES,UNION DU RASSEMBLEMENT ET DU CENTRE,DVD,24912,O,M,LAPASSAT,ETIENNE JEAN,PARTI SOCIALISTE,SOC,24334,N,,,,,,,
27,EURE,1,70799,49990,49008,982,"70,61%",M,DEBRE,JEAN LOUIS,,RPR,25851,O,M,TINSEAU,LUC,,SOC,23157,N,,,,,,,
27,EURE,2,62808,45258,44163,1095,"72,06%",M,HUBERT,JEAN JACQUES,,UDF,21797,N,M,RECOURS,ALFRED,,SOC,22366,O,,,,,,,
27,EURE,3,67090,49986,49074,912,"74,51%",M,GOUX,CHRISTIAN,MAJORITE PRESIDENTIELLE POUR LA FRANCE UNIE,SOC,22030,N,M,PONIATOWSKI,LADISLAS,,UDF,27044,O,,,,,,,
27,EURE,4,65477,46101,44879,1222,"70,41%",M,LONCLE,FRANCOIS,MAJORITE PRESIDENTIELLE POUR LA FRANCE UNIE,SOC,26322,O,F,PROUST,ODILE,UNION DU RASSEMBLEMENT ET DU CENTRE,RPR,18557,N,,,,,,,
27,EURE,5,70207,51952,50707,1245,74%,M,DESCHAUX BEAUME,FREDDY,MAJORITE PRESIDENTIELLE POUR LA FRANCE UNIE,SOC,27491,O,M,TOMASINI,BERNARD,UNION DU RASSEMBLEMENT ET DU CENTRE,RPR,23216,N,,,,,,,
28,EURE-ET-LOIR,1,67266,47950,46995,955,"71,28%",M,LEMOINE,GEORGES,MAJORITE PRESIDENTIELLE POUR LA FRANCE UNIE,SOC,25474,O,M,ROBERT,ALAIN,UNION DU RASSEMBLEMENT ET DU CENTRE,RPR,21521,N,,,,,,,
28,EURE-ET-LOIR,2,60158,43584,42567,1017,"72,45%",M,GASPARD,FRANCOIS,PRESIDENTIELLE POUR LA FRANCE UNIE,SOC,18799,N,M,TAUGOURDEAU,MARTIAL,UNION DU RASSEMBLEMENT ET DU  CENTRE,RPR,23768,O,,,,,,,
28,EURE-ET-LOIR,3,66318,46282,45080,1202,"69,79%",M,GALLET,BERTRAND,MAJORITE PRESIDENTIELLE POUR LA FRANCE UNIE,SOC,22809,O,M,HOGUET,PATRICK,UNION DU RASSEMBLEMENT ET DU CENTRE,UDF,22271,N,,,,,,,
28,EURE-ET-LOIR,4,63030,47536,46420,1116,"75,42%",M,DOUSSET,MAURICE,UNION DU RASSEMBLEMENT ET DU CENTRE,UDF,25792,O,M,VALLOT,DOMINIQUE,MAJORITE PRESIDENTIELLE POUR LA FRANCE UNIE,SOC,20628,N,,,,,,,
29,FINISTERE,1,68258,53019,52178,841,"77,67%",M,BECAM,MARC,UNION DU RASSEMBLEMENT ET DU CENTRE,RPR,24160,N,M,POIGNANT,BERNARD,MAJORITE PRESIDENTIELLE POUR LA FRANCE UNIE,SOC,28018,O,,,,,,,
29,FINISTERE,2,71407,50122,49495,627,"70,19%",M,COUSIN,BERTRAND,UNION DU RASSEMBLEMENT ET DU CENTRE,RPR,22437,N,M,GOURMELON,JOSEPH,MAJORITE PRESIDENTIELLE POUR LA FRANCE UNIE,SOC,27058,O,,,,,,,
29,FINISTERE,3,81547,58042,57238,804,"71,18%",M,GOASDUFF,LOUIS,UNION DU RASSAMBLEMENT ET DU CENTRE,RPR,29974,O,M,LAREUR,JOSEPH,MAJORITE PRESIDENTIELLE POUR LA FRANCE UNIE,SOC,27264,N,,,,,,,
29,FINISTERE,4,78390,60283,59573,710,"76,9%",F,JACQ,MARIE,MAJORITE PRESIDENTIELLE POUR LA FRANCE UNIE,SOC,32067,O,M,MORVAN,MICHEL,UNION DU RASSEMBLEMENT ET DU CENTRE,UDF,27506,N,,,,,,,
29,FINISTERE,6,85868,65656,64649,1007,"76,46%",F,BOYER,YOLANDE,MARJORITE PRESIDENTIELLE POUR LA FRANCE UNIE,SCO,32188,N,M,COZAN,JEAN YVES,UNION DU RASSEMBLEMENT ET DU CENTRE,RPR,32461,O,,,,,,,
29,FINISTERE,7,77854,61019,60234,785,"78,38%",M,GUELLEC,AMBROISE,UNION DU RASSEMBLEMENT ET DU CENTRE,UDF,31139,O,M,PEUZIAT,JEAN,MAJORITE PRESIDENTIELLE POUR LA FRANCE UNIE,SOC,29095,N,,,,,,,
2A,CORSE-DU-SUD,1,42371,28758,27956,802,"67,87%",M,ALFONSI,NICOLAS,,RDG,1157,N,M,ROSSI,JOSE,,UDF,16383,O,,,,,,,
2B,HAUTE-CORSE,1,45510,32276,31194,1082,"70,92%",M,BAGGIONI,JEAN,,UDF,14991,N,M,ZUCCARELLI,EMILE,,RDG,16203,O,,,,,,,
2B,HAUTE-CORSE,2,68925,46431,45024,1407,"67,36%",M,GIACOBBI,PAUL,,RDG,21739,N,M,PASQUINI,PIERRE,,RPR,23285,O,,,,,,,
30,GARD,1,74099,53695,52140,1555,"72,46%",M,BOUSQUET,JEAN,,DVD,28652,O,F,DUFOIX,GEORGINA,PARTI SOCIALISTE,SOC,23488,N,,,,,,,
30,GARD,2,83355,59723,57582,2141,"71,65%",M,ANDRE,JEAN MARIE,,DVD,28056,N,M,CAMBACERES,JEAN MARIE,PARTI SOCIALISTE,SOC,29526,O,,,,,,,
30,GARD,3,84845,62040,59738,2302,"73,12%",M,BENEDETTI,GEORGES,PARTI SOCIALISTE,SOC,30875,O,M,SAVONNE,ANDRE,RASSEMBLEMENT POUR LA REPUBLIQUE,RPR,28863,N,,,,,,,
30,GARD,4,78552,57698,54161,3537,"73,45%",M,MILLET,GILBERT,PARTI COMMUNISTE FRANCAIS,COM,30039,O,M,ROMANET,MAX,RASSEMBLEMENT POUR LA REPUBLIQUE,RPR,24122,N,,,,,,,
30,GARD,5,74181,53854,51709,2145,"72,6%",M,JOURNET,ALAIN,PARTI SOCIALISTE,SOC,31343,O,F,GOMEZ,FRANCINE,RASSEMBLEMENT POUR LA REPUBLIQUE,RPR,20366,N,,,,,,,
31,HAUTE-GARONNE,2,80494,58515,57251,1264,"72,69%",M,SEGUELA,JEAN PAUL,UNION POUR LA HAUTE GARONNE URC,RPR,25713,N,M,BAPT,GERARD,PARTI SOCIALISTE,SOC,31538,O,,,,,,,
31,HAUTE-GARONNE,3,64928,46892,46011,881,"72,22%",F,HEBRARD DE VEYRINAS,FRANCOISE,,DVD,20901,N,M,DUCERT,CLAUDE,PARTI SOCIALISTE,SOC,25110,O,,,,,,,
31,HAUTE-GARONNE,4,51290,32551,32056,495,"63,46%",M,DIEBOLD,JEAN,,RPR,15574,N,M,LOIDI,ROBERT,PARTI SOCIALISTE,SOC,16482,O,,,,,,,
31,HAUTE-GARONNE,6,75339,53044,51686,1358,"70,41%",M,DIDIER,SERGE,UNION POUR LA HAUTE GARONNE,UDF,20967,N,F,MIGNON,HELENE,PARTI SOCIALISTE,SOC,30719,O,,,,,,,
32,GERS,2,66178,51667,50679,988,"78,07%",M,DE MONTESQUIOU,AYMERI,,UDF,23078,N,M,JOSEPH,JEAN PIERRE,,SOC,27601,O,,,,,,,
33,GIRONDE,1,70200,47304,46579,725,"67,38%",M,BORDEAUX,FRANCOIS XAVIER,MAJORITE PRESIDENTIELLE POUR UNE FRANCE UNIE,SOC,20967,N,M,VALLEIX,JEAN,UNION DU RASSEMBLEMENT ET DU CENTRE,RPR,25612,O,,,,,,,
33,GIRONDE,3,65912,43321,42074,1247,"65,73%",M,CAZABONNE,ALAIN,UNION DE RASSEMBLEMENT ET DU CENTRE,UDF,16102,N,F,LALUMIERE,CATHERINE,MAJORITE PRESIDENTIELLE POUR LA FRANCE UNIE,SOC,25972,O,,,,,,,
33,GIRONDE,5,72046,52144,51182,962,"72,38%",M,BRANA,PIERRE,MAJORITE PRESIDENTIELLE POUR UNE FRANCE UNIE,SOC,28141,O,M,LECAUDEY,YVES,UNION DE RASSEMBLEMENT ET DU CENTRE,UDF,23041,N,,,,,,,
33,GIRONDE,7,74861,53525,52443,1082,"71,5%",M,DALBOS,JEAN CLAUDE,UNION DU RASSEMBLEMENT ET DU CENTRE,RPR,22161,N,M,DUCOUT,PIERRE,MAJORITE PRESIDENTIELLE POUR UNE FRANCE UNIE,SOC,30282,O,,,,,,,
33,GIRONDE,8,82201,62487,61353,1134,"76,02%",M,CAZALET,ROBERT,UNION DU RASSEMBLEMENT ET DU CENTRE,UDF,31522,O,M,HAYE,KLEBER,MAJORITE PRESIDENTIELLE POUR UNE FRANCE UNIE,SOC,29831,N,,,,,,,
33,GIRONDE,9,83600,61412,59935,1477,"73,46%",M,DUBOURG,PHILIPPE,UNION DU RASSEMBLEMENT ET DU CENTRE,RPR,25369,N,M,LAGORCE,PIERRE,MAJORITE PREISDENTIELLE POUR UNE FRANCE UNIE,SOC,34566,O,,,,,,,
33,GIRONDE,10,71319,55824,54929,895,"78,27%",M,CESAR,GERARD,UNION DU RASSEMBLEMENT ET DU CENTRE,RPR,26192,N,M,MITTERRAND,GILBERT,MAJORITE PRESIDENTIELLE POUR UNE FRANCE UNIE,SOC,28737,O,,,,,,,
34,HERAULT,1,58007,40546,39665,881,"69,9%",M,DIMEGLIO,WILLY,,UDF,20716,O,M,VEZINHET,ANDRE,MAJORITE PRESIDENTIELLE POUR UNE FRANCE UNIE,SOC,18949,N,,,,,,,
34,HERAULT,2,52930,36477,35669,808,"68,92%",M,CABANA,CAMILLE,,RPR,16836,N,M,SAUMADE,GERARD,MAJORITE PRESIDENTIELLE POUR UNE FRANCE UNIE,SOC,18833,O,,,,,,,
34,HERAULT,3,78484,59247,57873,1374,"75,49%",M,BARRAL,CLAUDE,MAJORITE PRESIDENTIELLE POUR UNE FRANCE UNIE,SOC,28574,N,M,COUVEINHES,RENE,UNION DU RASSEMBLEMENT ET DU CENTRE,RPR,29299,O,,,,,,,
34,HERAULT,4,88776,65324,63273,2051,"73,58%",M,FRECHE,GEORGES,MAJORITE PRESIDENTIELLE POUR UNE FRANCE UNIE,SOC,36967,O,M,MAISTRE,FRANCOIS XAVIER,UNION DU RASSEMBLEMENT ET DU CENTRE,RPR,26306,N,,,,,,,
34,HERAULT,5,80584,61329,59123,2206,"76,11%",M,NAYRAL,BERNARD,,SOC,35416,O,M,ROQUES,MARCEL,UNION DU RASSEMBLEMENT ET DU CENTRE,DVD,23707,N,,,,,,,
34,HERAULT,6,76227,55118,53298,1820,"72,31%",M,BARRAU,ALAIN,MAJORITE PRESIDENTIELLE POUR UNE FRANCE UNIE,SOC,28584,O,M,FONTES,GEORGES,,RPR,24714,N,,,,,,,
34,HERAULT,7,81926,59987,58040,1947,"73,22%",M,LACOMBE,JEAN,,SOC,31795,O,M,MARCHAND,YVES,UNION DU RASSEMBLEMENT ET DU CENTRE,UDF,26245,N,,,,,,,
35,ILLE-ET-VILAINE,2,75729,53881,53059,822,"71,15%",M,CHAMPAUD,CLAUDE,,RPR,23604,N,M,HERVE,EDMOND,,SOC,29455,O,,,,,,,
35,ILLE-ET-VILAINE,3,71921,50272,49508,764,"69,9%",M,FREVILLE,YVES,,UDF,25725,O,M,ROGEMONT,MARCEL,,SOC,23783,N,,,,,,,
35,ILLE-ET-VILAINE,7,84137,60995,59645,1350,"72,49%",M,COUANNAU,RENE,,UDF,33041,O,M,LE MENN,JACKY,,SOC,26604,N,,,,,,,
36,INDRE,1,53732,39929,38740,1189,"74,31%",M,AURILLAC,MICHEL,,RPR,18170,N,M,GATEAUD,JEAN YVES,PARTI SOCIALISTE,SOC,20570,O,,,,,,,
36,INDRE,2,66244,51377,49953,1424,"77,56%",M,ADVENIER,ANDRE,,UDF,21008,N,M,LAIGNEL,ANDRE,PARTI SOCIALISTE,SOC,28945,O,,,,,,,
36,INDRE,3,61309,47756,46392,1364,"77,89%",M,LOUET,HENRI,,RPR,19239,N,M,CHANTEGUET,JEAN PAUL,PARTI SOCIALISTE,SOC,27153,O,,,,,,,
37,INDRE-ET-LOIRE,2,72382,52574,51418,1156,"72,63%",M,DEBRE,BERNARD,UNION DE RASSEMBLEMENT ET DU CENTRE,RPR,26218,O,M,FILLEUL,JEAN JACQUES,MAJORITE PRESIDENTIELLE POUR UNE FRANCE UNIE,SOC,25200,N,,,,,,,
37,INDRE-ET-LOIRE,3,81633,59046,57523,1523,"72,33%",M,BORDAS,JAMES,UNION DU RASSEMBLEMENT ET DU CENTRE,UDF,26996,N,F,MORA,CHRISTIANE,MAJORITE PRESIDENTIELLE POUR LA FRANCE UNIE,SOC,30527,O,,,,,,,
37,INDRE-ET-LOIRE,4,74785,52564,51360,1204,"70,29%",M,LORY,RAYMOND,UNION DU RASSEMBLEMENT ET DU CENTRE,UDF,23849,N,M,PROVEUX,JEAN,MAJORITE PRESIDENTIELLE POUR LA FRANCE UNIE,SOC,27511,O,,,,,,,
37,INDRE-ET-LOIRE,5,66480,45766,44617,1149,"68,84%",M,DONNEDIEU DE VABRES,RENAUD,UNION DU RASSEMBLEMENT ET DU CENTRE,UDF,20825,N,M,TESTU,JEAN MICHEL,PARTI SOCIALISTE,SOC,23792,O,,,,,,,
38,ISERE,2,61198,40680,39373,1307,"66,47%",M,LUPPI,JEAN PIERRE,MAJORITE PRESIDENTIELLE POUR LA FRANCE UNIE,SOC,24933,O,M,MACHEFAUX,YVES,,UDF,14440,N,,,,,,,
38,ISERE,3,52143,33896,33223,673,"65,01%",M,CAZENAVE,RICHARD,,RPR,13587,N,M,DESTOT,MICHEL,MAJORITE PRESIDENTIELLE POUR LA FRANCE UNIE,SOC,19636,O,,,,,,,
38,ISERE,4,68063,47572,46602,970,"69,89%",M,CUPILLARD,JEAN GUY,,RPR,21287,N,M,MIGAUD,DIDIER,MAJORITE PRESIDENTIELLE POUR LA FRANCE UNIE,SOC,25315,O,,,,,,,
38,ISERE,5,65805,48001,47181,820,"72,94%",F,AVICE,EDWIGE,MAJORITE PRESIDENTIELLE POUR LA FRANCE UNIE,SOC,24218,O,M,LANGENIEUX VILLARD,PHILIPPE,,RPR,22963,N,,,,,,,
38,ISERE,6,76120,54114,53156,958,"71,09%",M,BOURDIER,JEAN,MAJORITE PRESIDENTIELLE POUR LA FRANCE UNIE,SOC,25641,N,M,MOYNE BRESSAND,ALAIN,,UDF,27515,O,,,,,,,
38,ISERE,7,71064,50867,49349,1518,"71,58%",M,COLOMBIER,GEORGES,,UDF,27669,O,M,NUCCI,CHRISTIAN,MAJORITE PRESIDENTIELLE POUR LA FRANCE UNIE,SOC,21680,N,,,,,,,
38,ISERE,8,79935,56502,54761,1741,"70,68%",M,MERMAZ,LOUIS,MAJORITE PRESIDENTIELLE POUR LA FRANCE UNIE,SOC,29911,O,M,REMILLER,JACQUES,,UDF,24850,N,,,,,,,
38,ISERE,9,67833,49694,48234,1460,"73,26%",M,HANNOUN,MICHEL,,RPR,23816,N,M,PILLET,YVES,MAJORITE PRESIDENTIELLE POUR LA FRANCE UNIE,SOC,24418,O,,,,,,,
39,JURA,1,60239,45776,44635,1141,"75,99%",M,BRUNE,ALAIN,,SOC,23293,O,M,PELISSARD,JACQUES,,RPR,21342,N,,,,,,,
39,JURA,2,49825,35966,35064,902,"72,18%",M,CHARROPPIN,JEAN,,RPR,19223,O,M,FLEURY,MARCEL,,SOC,15841,N,,,,,,,
39,JURA,3,63465,49002,47645,1357,"77,21%",M,BARBIER,GILBERT,UNION DU RASSEMBLEMENT ET DU CENTRE,UDF,23474,N,M,SANTA CRUZ,JEAN PIERRE,,SOC,24171,O,,,,,,,
40,LANDES,1,76582,58220,57079,1141,"76,02%",M,LAUGA,LOUIS,,RPR,25552,N,M,VIDALIES,ALAIN,,SOC,31527,O,,,,,,,
40,LANDES,2,79581,59107,57538,1569,"74,27%",M,BONNET,PIERRE HENRI,,RPR,23477,N,M,PENICAUT,JEAN PIERRE,,SOC,34061,O,,,,,,,
41,LOIR-ET-CHER,1,78353,57064,55663,1401,"72,83%",M,BURDEYRON,FRANCOIS,UNION DU RASSEMBLEMENT ET DU CENTRE,UDF,24652,N,M,LANG,JACK,,SOC,31011,O,,,,,,,
41,LOIR-ET-CHER,2,71497,56138,55012,1126,"78,52%",M,LORGEOUX,JEANNY,,SOC,27864,O,M,MARTIN LALANDE,PATRICE,UNION DU RASSEMBLEMENT ET DU CENTRE,RPR,27148,N,,,,,,,
41,LOIR-ET-CHER,3,67038,50851,49639,1212,"75,85%",M,DESANLIS,JEAN,UNION DU RASSEMBLEMENT ET DU CENTRE,UDF,25847,O,M,GIROND,ROBERT,,SOC,23792,N,,,,,,,
42,LOIRE,1,68993,43541,42845,696,"63,11%",M,CHOMAT,PAUL,CANDIDAT DE RASSEMBLEMENT DES FORCES DE GAUCHE PRESENTE PAR LE P C F,COM,10581,N,M,GAUSSIN,PIERRE ROGER,PARTI RADICAL VALOISIEN,MAJ,12061,N,M,PHILIBERT,JEAN PIERRE,,UDF,20203,O
42,LOIRE,2,59737,38547,37648,899,"64,53%",M,CABAL,CHRISTIAN,,RPR,19656,O,M,VENNIN,BRUNO,,SOC,17992,N,,,,,,,
42,LOIRE,3,69576,49590,48263,1327,"71,27%",M,ROCHEBLOINE,FRANCOIS,UNION DU RASSEMBLEMENT ET DU CENTRE,UDF,25628,O,M,BADET,JACQUES,PARTI SOCIALISTE,SOC,22635,N,,,,,,,
42,LOIRE,4,70607,46117,44676,1441,"65,32%",M,MANDON,DANIEL,CENTRE DES DEMOCRATES SOCIAUX,UDF,20582,N,M,VIAL MASSAT,THEO,CANDIDAT DE RASSEMBLEMENT DES FORCES DE GAUCHE PRESENTE PAR LE PCF,COM,24091,O,M,DEBOUT,MICHEL,PARTI SOCIALISTE,SOC,3,N
42,LOIRE,5,68969,47517,46107,1410,"68,9%",M,AUROUX,JEAN,,SOC,24516,O,M,GUERIN,PIERRE,,RPR,21591,N,,,,,,,
42,LOIRE,7,78073,53666,52415,1251,"68,74%",M,BAYARD,HENRI,,UDF,30377,O,M,MOULLIER,LUCIEN,PARTI SOCIALISTE,SOC,22038,N,,,,,,,
44,LOIRE-ATLANTIQUE,1,63657,43362,42845,517,"68,12%",F,PAPON,MONIQUE,,UDF,22504,O,M,CHENARD,ALAIN,PARTI SOCIALISTE,SOC,20341,N,,,,,,,
44,LOIRE-ATLANTIQUE,2,68171,44819,44233,586,"65,74%",F,HUBERT,ELISABETH,UNION DU RASSEMBLEMENT ET DU CENTRE,RPR,23957,O,M,MAHE,ALBERT,PARTI SOCIALISTE,SOC,20276,N,,,,,,,
44,LOIRE-ATLANTIQUE,5,78704,56885,55858,1027,"72,28%",M,LANDRAIN,EDOUARD,UNION DU RASSEMBLEMENT ET DU CENTRE,UDF,28759,O,M,GAUTIER,CHARLES,PARTI SOCIALISTE,SOC,27099,N,,,,,,,
44,LOIRE-ATLANTIQUE,6,65547,48391,47258,1133,"73,83%",F,BURON,MARTINE,PARTIE SOCIALISTE,SOC,23439,N,M,HUNAULT,XAVIER,UNION DU RASSEMBLEMENT ET DU CENTRE,UDF,23819,O,,,,,,,
44,LOIRE-ATLANTIQUE,7,79388,56622,55663,959,"71,32%",M,GUICHARD,OLIVIER,,RPR,29878,O,M,TINIERE,ANDRE,PARTI SOCIALISTE,SOC,25785,N,,,,,,,
44,LOIRE-ATLANTIQUE,8,72065,45719,44430,1289,"63,44%",M,EVIN,CLAUDE,,SOC,29895,O,M,GARNIER,ETIENNE,UNION DU RASSEMBLEMENT ET DU CENTRE,RPR,14535,N,,,,,,,
45,LOIRET,1,64072,47984,46999,985,"74,89%",M,CARRE,ANTOINE,,UDF,22978,N,M,SUEUR,JEAN PIERRE,,SOC,24021,O,,,,,,,
45,LOIRET,2,68488,50348,49113,1235,"73,51%",M,DOLIGE,ERIC,,RPR,25231,O,M,PORTHEAULT,JEAN CLAUDE,,SOC,23882,N,,,,,,,
45,LOIRET,3,72728,53642,52305,1337,"73,76%",M,DOUFFIAGUES,JACQUES,,UDF,25942,N,M,LAPAIRE,JEAN PIERRE,,SOC,26363,O,,,,,,,
45,LOIRET,4,83839,58313,56455,1858,"69,55%",M,DENIAU,XAVIER,UNION DU RASSEMBLEMENT ET DU CENTRE,RPR,33584,O,M,GIRARDY,PHILIPPE,,SOC,22871,N,,,,,,,
45,LOIRET,5,76048,56294,54942,1352,"74,02%",M,CHARIE,JEAN PAUL,,RPR,31667,O,F,MESNAGE,FRANCOISE,,SOC,23275,N,,,,,,,
46,LOT,1,61190,46615,44828,1787,"76,18%",M,CHARLES,BERNARD,MOUVEMENT RADICAUX DE GAUCHE,RDG,27544,O,M,MAS,PIERRE,UNION DU RASSEMBLEMENT ET DU CENTRE,UDF,17284,N,,,,,,,
47,LOT-ET-GARONNE,1,75655,58280,56914,1366,"77,03%",M,CHOLLET,PAUL,,UDF,28681,O,M,LAURISSERGUES,CHRISTIAN,,SOC,28233,N,,,,,,,
47,LOT-ET-GARONNE,2,74946,58056,55745,2311,"77,46%",M,GOUZES,GERARD,,SOC,32462,O,M,RICHARD,GEORGES,,RPR,23283,N,,,,,,,
47,LOT-ET-GARONNE,3,73584,57278,55711,1567,"77,84%",M,GARROUSTE,MARCEL,,SOC,28411,O,M,GONELLE,MICHEL,,RPR,27300,N,,,,,,,
48,LOZERE,1,30708,23214,22555,659,"75,6%",M,CHAZAL,JEAN CLAUDE,,MAJ,11128,N,M,DURAND,ADRIEN,CENTRE DES DEMOCRATES SOCIAUX,UDF,11427,O,,,,,,,
49,MAINE-ET-LOIRE,1,68685,47153,46215,938,"68,65%",F,BACHELOT NARQUIN,ROSELYNE,UNION DU RASSEMBLEMENT ET DU CENTRE,RPR,25779,O,M,CHUPIN,JEAN CLAUDE,PARTI SOCIALISTE,SOC,20436,N,,,,,,,
49,MAINE-ET-LOIRE,2,70735,49179,48125,1054,"69,53%",M,GRIMAULT,HUBERT,UNION DU RASSEMBLEMENT ET DU CENTRE,UDF,25597,O,F,ANTONINI,FRANCOISE,PARTI SOCIALISTE,SOC,22528,N,,,,,,,
49,MAINE-ET-LOIRE,7,60983,44933,44096,837,"73,68%",M,LAFFINEUR,MARC,,UDF,23360,O,M,DUPUIS,DANIEL,PARTI SOCIALISTE,SOC,20736,N,,,,,,,
50,MANCHE,1,69314,49511,48570,941,"71,43%",M,DAILLET,JEAN MARIE,UNION DU RASSEMBLEMENT ET DU CENTRE,UDF,27154,O,M,DUPUIS,BERNARD,PARTI SOCIALISTE,SOC,21416,N,,,,,,,
50,MANCHE,3,67343,48680,47726,954,"72,29%",M,COUSIN,ALAIN,UNION DU RASSEMBLEMENT ET DU CENTRE,RPR,27444,O,M,DESPONTS,JACQUES,PARTI SOCIALISTE,SOC,20282,N,,,,,,,
50,MANCHE,5,66797,43786,42632,1154,"65,55%",M,TISSOT,JEAN,UNION DU RASSEMBLEMENT ET DU CENTRE,RPR,18625,N,M,STIRN,OLIVIER,PARTI SOCIALISTE,SOC,24007,O,,,,,,,
51,MARNE,1,54165,35576,35046,530,"65,68%",M,CARPENTIER,HUBERT,PARTI SOCIALISTE,SOC,15595,N,M,FALALA,JEAN,RASSEMBLEMENT POUR LA REPUBLIQUE,RPR,19451,O,,,,,,,
51,MARNE,2,58373,39333,38565,768,"67,38%",M,SCHNEITER,JEAN LOUIS,UNION DE RASSEMBLEMENT ET DU CENTRE,UDF,17911,N,M,COLIN,GEORGES,PARTI SOCIALISTE,SOC,20654,O,,,,,,,
51,MARNE,3,57136,38427,37680,747,"67,26%",M,FONTALIRAND,JEAN CLAUDE,PARTI SOCIALISTE,SOC,18727,N,M,THOMAS,JEAN CLAUDE,RASSEMBLEMENT POUR LA REPUBLIQUE,RPR,18953,O,,,,,,,
51,MARNE,4,57377,40498,39271,1227,"70,58%",M,REYSSIER,JEAN,PARTI COMMUNISTE FRANCAIS,COM,18108,N,M,BOURG BROC,BRUNO,RASSEMBLEMENT POUR LA REPUBLIQUE,RPR,21163,O,,,,,,,
51,MARNE,5,60655,44722,43706,1016,"73,73%",M,BOUQUET,JEAN PIERRE,PARTI SOCIALISTE,SOC,22097,O,M,BERNARD,JEAN,RASSEMBLEMENT POUR LA REPUBLIQUE,RPR,21609,N,,,,,,,
51,MARNE,6,65354,46289,44590,1699,"70,83%",M,STASI,BERNARD,UNION DU RASSEMBLEMENT ET DU CENTRE,UOF,23241,O,M,THOMAS,MICHEL,PARTI SOCIALISTE,SOC,21349,N,,,,,,,
52,HAUTE-MARNE,1,78418,58075,56730,1345,"74,06%",M,FEVRE,CHARLES,,UDF,30120,O,M,BAILLET,GUY,PARTI SOCIALISTE,SOC,26610,N,,,,,,,
52,HAUTE-MARNE,2,68730,47597,46311,1286,"69,25%",F,MARTIN,SIMONE,PARTIE REPUBLICAIN,UDF,21539,N,M,CHANFRAULT,GUY,PARTI SOCIALISTE,SOC,24772,O,,,,,,,
53,MAYENNE,1,70388,52718,51634,1084,"74,9%",M,PINCON,ANDRE,PARTI SOCIALISTE,SOC,23838,N,M,D AUBERT,FRANCOIS,UNION POUR LA DEMOCRATIE FRANCAISE,UDF,27796,O,,,,,,,
53,MAYENNE,3,66703,50211,48904,1307,"75,28%",M,LESTAS,ROGER,,DVD,28360,O,M,LEBLANC,CLAUDE,PARTI SOCIALISTE,SOC,20544,N,,,,,,,
54,MEURTHE-ET-MOSELLE,2,73965,48062,47108,954,"64,98%",M,DURUPT,JOB,PARTI SOCIALISTE,SOC,23642,O,M,LEONARD,GERARD,RASSEMBLEMENT POUR LA REPUBLIQUE,RPR,23466,N,,,,,,,
54,MEURTHE-ET-MOSELLE,3,58656,37447,36720,727,"63,84%",M,GAILLARD,CLAUDE,UNION DU RASSEMBLEMENT ET DU CENTRE,UDF,18993,O,M,TROGLIC,ANTOINE,PARTI SOCIALISTE MAJORITE PRESIDENTIELLE,SOC,17727,N,,,,,,,
54,MEURTHE-ET-MOSELLE,4,74959,53879,52620,1259,"71,88%",M,GUILLAUME,FRANCOIS,UNION DU RASSEMBLEMENT ET DU CENTRE,RPR,25941,N,M,REINER,DANIEL,PARTI SOCIALISTE MAJORITE PRESIDENTIELLE,SOC,26679,O,,,,,,,
54,MEURTHE-ET-MOSELLE,5,64864,46957,46151,806,"72,39%",M,BIGEARD,MARCEL,UNION DU RASSEMBLEMENT ET DU CENTRE,UDF,22870,N,M,DINET,MICHEL,PARTI SOCIALISTE MAJORITE PRESIDENTIELLE,SOC,23281,O,,,,,,,
54,MEURTHE-ET-MOSELLE,6,72568,49671,48224,1447,"68,45%",M,LE DEAUT,JEAN YVES,PARTI SOCIALISTE MAJORITE PRESIDENTIELLE,SOC,28489,O,M,VATTIER,GUY,UNION DU RASSEMBLEMENT ET DU CENTRE,UDF,19735,N,,,,,,,
54,MEURTHE-ET-MOSELLE,7,71317,44817,43258,1559,"62,84%",M,ANDRE,JEAN LUC,UNION DU RASSEMBLEMENT ET DU CENTRE,RPR,15212,N,M,DURIEUX,JEAN PAUL,PARTI SOCIALISTE MAJORITE PRESIDENTIELLE,SOC,28046,O,,,,,,,
55,MEUSE,1,78708,60959,59875,1084,"77,45%",M,DOSE,FRANCOIS,PARTI SOCIALISTE,SOC,27385,N,M,LONGUET,GERARD,UNION POUR LA DEMOCRATIE FRANCAISE,UDF,32490,O,,,,,,,
55,MEUSE,2,61592,46014,44809,1205,"74,71%",M,DUMONT,JEAN LOUIS,PARTI SOCIALISTE,SOC,23544,O,M,BIWER,CLAUDE,UNION POUR LA DEMOCRATIE FRANCAISE,UDF,21265,N,,,,,,,
56,MORBIHAN,5,76986,51294,49590,1704,"66,63%",M,GODARD,MICHEL,UNION DU RASSEMBLEMENT ET DU CENTRE,UDF,20274,N,M,LE DRIAN,JEAN YVES,MAJORITE PRESIDENTIELLE POUR LA FRANCE UNIE,SOC,29316,O,,,,,,,
56,MORBIHAN,6,77899,61322,60227,1095,"78,72%",M,GIOVANNELLI,JEAN,MAJORITE PRESIDENTIELLE POUR LA FRANCE UNIE,SOC,31306,O,M,PAILLET,PIERRE HENRI,,UDF,28921,N,,,,,,,
57,MOSELLE,1,64518,42347,41153,1194,"65,64%",M,FERRARI,PIERRE,DEFENSE DES INTERETS MOSELLANS,UDF,18559,N,M,LAURAIN,JEAN,MAJORITE PRESIDENTIELLE POUR LA FRANCE UNIE PARTI SOCIALISTE,SOC,22594,O,,,,,,,
57,MOSELLE,2,64531,42289,41242,1047,"65,53%",M,GROS,DOMINIQUE,MAJORITE PRESIDENTIELLE POUR LA FRANCE UNIE PARTI SOCIALISTE,SOC,18558,N,M,JACQUAT,DENIS,UDF RPR MOSELLE D ABORD,UDF,22684,O,,,,,,,
57,MOSELLE,3,61373,39814,38836,978,"64,87%",M,DELREZ,DANIEL,MAJORITE PRESIDENTIELLE POUR LA FRANCE UNIE PARTI SOCIALISTE,SOC,16537,N,M,MASSON,JEAN LOUIS,CANDIDAT RPR D UNION,RPR,22299,O,,,,,,,
57,MOSELLE,4,65803,48696,47464,1232,74%,M,MESSMER,PIERRE,UNION DDU RASSEMBLEMENT ET DU CENTRE,RPR,23405,N,F,WARHOUVER,ALOYSE,CANDIDAT DE PROGRES SOCIAL,UDF,24059,O,,,,,,,
57,MOSELLE,5,70379,50136,48509,1627,"71,24%",M,ROSSLER,ROBERT,MAJORITE PRESIDENTIELLE POUR LA FRANCE,SOC,14687,N,M,SCHAEFER,JOSEPH,UNION POUR UNE POLITIQUE NOUVELLE,DVD,14779,N,M,SEITLINGER,JEAN,UNION DU RASSEMBLEMENT ET DU CENTRE,UDF,19043,O
57,MOSELLE,6,69285,42321,41143,1178,"61,08%",M,METZINGER,CHARLES,MAJORITE PRESIDENTIELLE POUR LA FRANCE UNIE PARTI SOCIALISTE,SOC,22472,O,M,STIRNWEISS,CHARLES,UNION DU RASSEMBLEMENT ET DU CENTRE,UDF,18671,N,,,,,,,
57,MOSELLE,7,71055,45669,44026,1643,"64,27%",M,BERTHOL,ANDRE,UNION DU RASSEMBLEMENT ET DU CENTRE,RPR,22080,O,M,BLAOT,PAUL,MAJORITE PRESIDENTIELLE POUR LA FRANCE UNIE PARTI SOCIALISTE,SOC,21946,N,,,,,,,
57,MOSELLE,8,67240,44465,43094,1371,"66,13%",M,FISZBIN,HENRI,MAJORITE PRESIDENTIELLE POUR LA FRANCE UNIE PARTI SOCIALISTE,MAJ,19727,N,M,KIFFER,JEAN,UNION DE RASSEMBLEMENT ET DU CENTRE,DVD,23367,O,,,,,,,
57,MOSELLE,9,64032,43606,42588,1018,"68,1%",M,DEMANGE,JEAN MARIE,UNION DU RASSEMBLEMENT ET DU CENTRE,RPR,21643,O,M,MALGRAS,ROBERT,MAJORITE PRESIDENTIELLE POUR LA FRANCE UNIE PARTI SOCIALISTE,SOC,20945,N,,,,,,,
57,MOSELLE,10,68356,42651,40980,1671,"62,4%",M,DROUIN,RENE,MAJORITE PRESIDENTIELLE POUR LA FRANCE UNIE PARTI SOCIALISTE,SOC,26698,O,M,VIVARELLI,ALBERT,UNION DU RASSEMBLEMENT ET DU CENTRE,RPR,14282,N,,,,,,,
58,NIEVRE,2,59896,42466,41070,1396,"70,9%",M,HUYGHUES DES ETAGES,JACQUES,,SOC,25695,O,M,SAVY,BERNARD CLAUDE,,RPR,15375,N,,,,,,,
59,NORD,1,56311,34079,33190,889,"60,52%",F,CODACCIONI,COLETTE,UNION DU RASSEMBLEMENT ET DU CENTRE,RPR,14692,N,M,MAUROY,PIERRE,PARTI SOCIALISTE MAJORITE PRESIDENTIELLE POUR LA FRANCE UNIE,SOC,18498,O,,,,,,,
59,NORD,2,69274,43328,41938,1390,"62,55%",M,VANBRABANT,DESIRE,UNION DU RASSEMBLEMENT ET DU CENTRE,UDF,15637,N,M,DEROSIER,BERNARD,PARTI SOCIALISTE,SOC,26301,O,,,,,,,
59,NORD,3,56651,35424,34568,856,"62,53%",M,DHINNIN,CLAUDE,UNION DU RASSEMBLEMENT ET DU CENTRE,RPR,18260,O,F,OSSELIN,JACQUELINE,PARTI SOCIALISTE MAJORITE PRESIDENTIELLE POUR LA FRANCE UNIE,SOC,16308,N,,,,,,,
59,NORD,4,63324,43188,41952,1236,"68,2%",M,DURIEUX,BRUNO,UNION DU RASSEMBLEMENT ET DU CENTRE,UDF,23974,O,F,LAIDEBEUR,MARIE CECILE,PARTI SOCIALISTE MAJORITE PRESIDENTIELLE POUR LA FRANCE UNIE,SOC,17978,N,,,,,,,
59,NORD,5,75785,52826,50703,2123,"69,71%",F,CACHEUX,DENISE,PARTI SOCIALISTE MAJORITE PRESIDENTIELLE POUR LA FRANCE UNIE,SOC,30515,O,M,DERAEDT,MARCEL,UNION DU RASSEMBLEMENT ET DU CENTRE,RPR,20188,N,,,,,,,
59,NORD,6,63771,50659,49278,1381,"79,44%",M,DEFFONTAINES,GERY,,DVD,24237,N,M,ANSELIN,ROBERT,PARTI SOCIALISTE,SOC,25041,O,,,,,,,
59,NORD,7,65625,45588,44209,1379,"69,47%",M,CARTON,BERNARD,PARTI SOCIALISTE MAJORITE PRESIDENTIELLE POUR LA FRANCE UNIE,SOC,23760,O,M,GHYSEL,MICHEL,UNION DU RASSEMBLEMENT ET DU CENTRE,RPR,20449,N,,,,,,,
59,NORD,8,64524,43057,41592,1465,"66,73%",M,FAUGARET,ALAIN,PARTI SOCIALISTE MAJORITE PRESIDENTIELLE POUR LA FRANCE UNIE,SOC,17663,N,M,VIGNOBLE,GERARD,,UDF,23929,O,,,,,,,
59,NORD,10,66310,47630,46076,1554,"71,83%",M,BALDUYCK,JEAN PIERRE,PARTI SOCIALISTE MAJORITE PRESIDENTIELLE POUR LA FRANCE UNIE,SOC,24669,O,M,DERMAUX,STEPHANE,UNION DU RASSEMBLEMENT ET DU CENTRE,UDF,21407,N,,,,,,,
59,NORD,11,76787,56061,53960,2101,"73,01%",M,BRICE,GEORGES,UNION DU RASSEMBLEMENT ET DU CENTRE,RPR,22285,N,M,DURAND,YVES,PARTI SOCIALISTE MAJORITE PRESIDENTIELLE POUR LA FRANCE UNIE,SOC,31675,O,,,,,,,
59,NORD,13,61209,42529,41199,1330,"69,48%",M,DELEBARRE,MICHEL,PARTI SOCIALISTE MAJORITE PRESIDENTIELLE POUR LA FRANCE UNIE,SOC,22668,O,M,DEWEES,EMMANUEL,UNION DU RASSEMBLEMENT ET DU CENTRE,RPR,18531,N,,,,,,,
59,NORD,14,62638,50754,49199,1555,"81,03%",M,LEPRETRE,PIERRE JEAN,PARTI SOCIALISTE MAJORITE PRESIDENTIELLE POUR LA FRANCE UNIE,SOC,23971,N,M,PACCOU,CHARLES,UNION DU RASSEMBLEMENT ET DU CENTRE,RPR,25228,O,,,,,,,
59,NORD,15,62385,50391,48963,1428,"80,77%",M,DELOBEL,JEAN,PARTI SOCIALISTE MAJORITE PRESIDENTIELLE POUR LA FRANCE UNIE,SOC,23659,N,M,SERGHERAERT,MAURICE,,DVD,25304,O,,,,,,,
59,NORD,16,76217,53377,50856,2521,"70,03%",M,MESSAGER,EMILE,UNION DU RASSEMBLEMENT ET DU CENTRE,RPR,15202,N,M,HAGE,GEORGES,PARTI COMMUNISTE FRANCAIS,COM,35654,O,,,,,,,
59,NORD,17,72464,50244,48776,1468,"69,34%",M,DOLEZ,MARC,PARTI SOCIALISTE MAJORITE PRESIDENTIELLE POUR LA FRANCE UNIE,SOC,26417,O,M,VERNIER,JACQUES,UNION DU RASSEMBLEMENT ET DU CENTRE,RPR,22359,N,,,,,,,
59,NORD,18,76852,61167,59299,1868,"79,59%",M,LE GARREC,JEAN,PARTI SOCIALISTE MAJORITE PRESIDENTIELLE POUR LA FRANCE UNIE,SOC,31072,O,M,LEGENDRE,JACQUES,UNION DU RASSEMBLEMENT ET DU CENTRE,RPR,28227,N,,,,,,,
59,NORD,19,77901,45158,33993,11165,"57,97%",M,ANSART,GUSTAVE,PARTI COMMUNISTE FRANCAIS,COM,33993,O,,,,,,,,,,,,,,
59,NORD,20,76995,40792,28685,12107,"52,98%",M,BOCQUET,ALAIN,PARTI COMMUNISTE FRANCAIS,COM,28685,O,,,,,,,,,,,,,,
59,NORD,21,77830,53364,51132,2232,"68,56%",M,MARLIERE,OLIVIER,UNION DU RASSEMBLEMENT ET DU CENTRE,RPR,24018,N,M,THIEME,FABIEN,PARTI COMMUNISTE FRANCAIS,COM,27114,O,,,,,,,
59,NORD,22,74021,57776,55174,2602,"78,05%",M,BATAILLE,CHRISTIAN,PARTI SOCIALISTE MAJORITE PRESIDENTIELLE POUR LA FRANCE UNIE,SOC,35473,O,M,DELMOTTE,JEAN PIERRE,UNION DU RASSEMBLEMENT ET DU CENTRE,RPR,19701,N,,,,,,,
59,NORD,23,66242,45036,42984,2052,"67,99%",M,BATTIST,UMBERTO,PARTI SOCIALISTE MAJORITE PRESIDENTIELLE POUR LA FRANCE UNIE,SOC,25215,O,M,DECAGNY,JEAN CLAUDE,UNION DU RASSEMBLEMENT ET DU CENTRE,UDF,17769,N,,,,,,,
59,NORD,24,65503,47737,45924,1813,"72,88%",M,DEFLANDRE,JEAN PIERRE,UNION DU RASSEMBLEMENT ET DU CENTRE,RPR,17626,N,M,DEHOUX,MARCEL,MAJORITE PRESIDENTIELLE POUR LA FRANCE UNIE,SOC,28298,O,,,,,,,
60,OISE,3,60511,39649,38390,1259,"65,52%",M,ANCIANT,JEAN,MAJORITE PRESIDENTIELLE POUR LA FRANCE UNIE,SOC,23765,O,M,BAUDRY,JEAN PIERRE,,DVD,14625,N,,,,,,,
60,OISE,4,70798,49892,48920,972,"70,47%",M,DEHAINE,ARTHUR,UNION DU RASSEMBLEMENT ET DU CENTRE,RPR,26766,O,M,HANNIET,JEAN PIERRE,MAJORITE PRESIDENTIELLE POUR LA FRANCE UNIE,SOC,22154,N,,,,,,,
60,OISE,5,56935,39886,38032,1854,"70,06%",M,COLLOMB,BERNARD,UNION DU RASSEMBLEMENT ET DU CENTRE,RPR,17005,N,M,STOLERU,LIONEL,MAJORITE PRESIDENTIELLE POUR LA FRANCE UNIE,MAJ,21027,O,,,,,,,
60,OISE,6,61814,45560,44543,1017,"73,7%",M,FLORIAN,ROLAND,MAJORITE PRESIDENTIELLE POUR LA FRANCE UNIE,SDC,22049,N,M,GONNOT,FRANCOIS MICHEL,UNION DE RASSEMBLEMENT ET DU CENTRE,UDF,22494,O,,,,,,,
60,OISE,7,60498,41449,40106,1343,"68,51%",M,BRAINE,JEAN PIERRE,MAJORITE PRESIDENTIELLE POUR LA FRANCE UNIE,SOC,24116,O,M,MALAIZE,PATRICK,UNION DU RASSEMBLEMENT ET DU CENTRE,UDF,15990,N,,,,,,,
61,ORNE,3,72176,55740,54495,1245,"77,23%",M,BASSOT,HUBERT,UNION DU RASSEMBLEMENT ET DU CENTRE,UDF,27091,N,M,LAMBERT,MICHEL,MAJORITE PRESIDENTIELLE,SOC,27404,O,,,,,,,
62,PAS-DE-CALAIS,1,73986,59543,58096,1447,"80,48%",M,DEFONTAINE,JEAN PIERRE,MAJORITE PRESIDENTIELLE MRG PARTI SOCIALISTE,RDG,30991,O,M,DELEVOYE,JEAN PAUL,UNION DU RASSEMBLEMENT ET DU CENTRE,RPR,27105,N,,,,,,,
62,PAS-DE-CALAIS,2,66207,50630,48954,1676,"76,47%",M,DELEHEDDE,ANDRE,PARTI SOCIALISTE MAJORITE PRESIDENTIELLE,SOC,29279,O,M,VANLERENBERGHE,JEAN MARIE,UNION DU RASSEMBLEMENT ET DU CENTRE,UDF,19675,N,,,,,,,
62,PAS-DE-CALAIS,3,67509,58727,57596,1131,"86,99%",M,SERGENT,MICHEL,PARTI SOCIALISTE MAJORITE PRESIDENTIELLE,SOC,28554,N,M,VASSEUR,PHILIPPE,UNION POUR LA DEMOCRATIE FRANCAISE,UDF,29042,O,,,,,,,
62,PAS-DE-CALAIS,4,69465,56798,55471,1327,"81,76%",M,WILQUIN,CLAUDE,PARTI SOCIALISTE MAJORITE PRESIDENTIELLE,SOC,25905,N,M,DEPREZ,LEONCE,UNION POUR LA DEMOCRATIE FRANCAISE,UDF,29566,O,,,,,,,
62,PAS-DE-CALAIS,5,59708,41092,39396,1696,"68,82%",M,LENGAGNE,GUY,PARTI SOCIALISTE MAJORITE PRESIDENTIELLE,SOC,23550,O,M,PONT,JEAN PIERRE,UNION POUR LA DEMOCRATIE FRANCAISE,UDF,15846,N,,,,,,,
62,PAS-DE-CALAIS,6,66481,46696,45070,1626,"70,24%",M,DEMASSIEUX,CLAUDE,UNION DE RASSEMBLEMENT ET DU CENTRE,RPR,17449,N,M,DUPILET,DOMINIQUE,PARTI SOCIALISTE MAJORITE PRESIDENTIELLE,SOC,27621,O,,,,,,,
62,PAS-DE-CALAIS,7,73815,51748,49741,2007,"70,1%",M,BLOT,YVAN,UNION DU RASSEMBLEMENT ET DU CENTRE,RPR,20073,N,M,CAPET,ANDRE,PARTI SOCIALISTE MAJORITE PRESIDENTIELLE,SOC,29668,O,,,,,,,
62,PAS-DE-CALAIS,10,74130,42015,33047,8968,"56,68%",M,WACHEUX,MARCEL,PARTI SOCIALISTE MAJORITE PRESIDENTIELLE,SOC,33047,O,,,,,,,,,,,,,,
62,PAS-DE-CALAIS,11,83225,50136,37383,12753,"60,24%",M,JOSEPHE,NOEL,PARTI SOCIALISTE MAJORITE PRESIDENTIELLE,SOC,37383,O,,,,,,,,,,,,,,
62,PAS-DE-CALAIS,14,71263,37940,28512,9428,"53,24%",M,FACON,ALBERT,PARTI SOCIALISTE MAJORITE PRESIDENTIELLE,SOC,28512,O,,,,,,,,,,,,,,
63,PUY-DE-DOME,1,56321,36876,36090,786,"65,47%",M,TURPIN,DOMINIQUE,,UDF,14870,N,M,POURCHON,MAURICE,PARTI SOCIALISTE,SOC,21220,O,,,,,,,
63,PUY-DE-DOME,2,64852,46268,45283,985,"71,34%",M,CARTAUD,MICHEL,,UDF,19535,N,M,NERI,ALAIN,PARTI SOCIALISTE,SOC,25748,O,,,,,,,
63,PUY-DE-DOME,4,67667,49871,48653,1218,"73,7%",M,PASCALLON,PIERRE,,RPR,21103,N,M,LAVEDRINE,JACQUES,PARTI SOCIALISTE,SOC,27550,O,,,,,,,
63,PUY-DE-DOME,5,66342,50547,49110,1437,"76,19%",M,CHOMETON,GEORGES,,UDF,23671,N,M,ADEVAH POEUF,MAURICE,PARTI SOCIALISTE,SOC,25439,O,,,,,,,
63,PUY-DE-DOME,6,79679,60933,59613,1320,"76,47%",M,BOCHE,GERARD,,UDF,26785,N,M,VACANT,EDMOND,PARTI SOCIALISTE,SOC,32828,O,,,,,,,
64,PYRENEES-ATLANTIQUES,1,57777,42978,42169,809,"74,39%",M,CAZENAVE,RENE,MAJORITE PRESIDENTIELLE POUR LA FRANCE UNIE,SOC,21842,O,M,GOUGY,JEAN,UNION DU RASSEMBLEMENT ET DU CENTRE,RPR,20327,N,,,,,,,
64,PYRENEES-ATLANTIQUES,2,60728,47841,46919,922,"78,78%",M,BAYROU,FRANCOIS,UNION DU RASSEMBLEMENT ET DU CENTRE,UDF,23789,O,M,PRAT,HENRI,MAJORITE PRESIDENTIELLE POUR LA FRANCE UNIE,SOC,23130,N,,,,,,,
64,PYRENEES-ATLANTIQUES,3,74707,56806,55486,1320,"76,04%",M,COSTEDOAT,LEON,UNION DU RASSEMBLEMENT ET DU CENTRE,UDF,23848,N,M,LABARRERE,ANDRE,MAJORITE PRESIDENTIELLE POUR LA FRANCE UNIE,SOC,31638,O,,,,,,,
64,PYRENEES-ATLANTIQUES,5,68406,50060,49041,1019,"73,18%",M,DESTRADE,JEAN PIERRE,PARTIE SOCIALISTE,SOC,24053,N,M,LAMASSOURE,ALAIN,UNION DU RASSEMBLEMENT ET DU CENTRE,UDF,24988,O,,,,,,,
64,PYRENEES-ATLANTIQUES,6,72155,51619,50403,1216,"71,54%",F,ALLIOT MARIE,MICHELE,UNION DU RASSEMBLEMENT ET DU CENTRE,RPR,29162,O,M,LASSALLETTE,RAPHAEL,PARTI SOCIALISTE,SOC,21241,N,,,,,,,
65,HAUTES-PYRENEES,1,59407,44430,43184,1246,"74,79%",M,BLEULER,PIERRE,UNION DE RASSEMBLEMENT ET DU CENTRE,UDF,17632,N,M,FORGUES,PIERRE,,SOC,25552,O,,,,,,,
65,HAUTES-PYRENEES,2,60520,44643,43414,1229,"73,77%",M,GAITS,CLAUDE,,RDG,22323,O,M,TREMEGE,GERARD,,UDF,21091,N,,,,,,,
65,HAUTES-PYRENEES,3,51770,37126,36383,743,"71,71%",M,BASEILHAC,ERIC,,RPR,11483,N,M,GLAVANY,JEAN,,SOC,11308,N,M,MIQUEU,CLAUDE,,MAJ,13592,O
66,PYRENEES-ORIENTALES,1,56927,39505,38240,1265,"69,4%",M,BARATE,CLAUDE,UNION DU RASSEMBLEMENT ET DU CENTRE,RPR,20335,O,M,CASEILLES,LOUIS,PARTI SOCIALISTE,SOC,17905,N,,,,,,,
66,PYRENEES-ORIENTALES,2,66578,47981,46906,1075,"72,07%",M,ESTEVE,PIERRE,MAJORITE PRESIDENTIELLE POUR LA FRANCE UNIE,SOC,24854,O,M,MARTI,ALAIN,UNION DU RASSEMBLEMENT ET DU CENTRE,RPR,15005,N,M,SERGENT,PIERRE,LISTE D ENTENTE POPULAIRE ET NATIONALE,FRN,7047,N
66,PYRENEES-ORIENTALES,3,61988,44160,42345,1815,"71,24%",M,FARRAN,JACQUES,,UDF,21811,O,F,SOUM,RENEE,PARTI SOCIALISTE,SOC,20534,N,,,,,,,
66,PYRENEES-ORIENTALES,4,67049,49200,47445,1755,"73,38%",M,XATARD,JEAN,UNION DU RASSEMBLEMENT ET DU CENTRE,UDF,19911,N,M,SICRE,HENRI,PARTI SOCIALISTE,SOC,27534,O,,,,,,,
67,BAS-RHIN,1,49515,30212,29382,830,"61,02%",M,KOEHL,EMILE,UNION DU RASSEMBLEMENT ET DU CENTRE,UDF,16482,O,M,TRUCHOT,CLAUDE,MAJORITE PRESIDENTIELLE POUR LA FRANCE UNIE,SOC,12900,N,,,,,,,
67,BAS-RHIN,2,51153,31260,30597,663,"61,11%",M,REYMANN,MARC,UNION DU RASSEMBLEMENT ET DU CENTRE,UDF,15418,O,F,TRAUTMANN,CATHERINE,MAJORITE PRESIDENTIELLE POUR LA FRANCE UNIE,SOC,15179,N,,,,,,,
67,BAS-RHIN,3,62076,36265,35459,806,"58,42%",M,FUCHS,CHRISTIAN,UNION DE RASSEMBLEMENT ET DU CENTRE,RPR,17466,N,M,OEHLER,JEAN,MAJORITE PRESIDENTIELLE POUR LA FRANCE UNIE,SOC,17993,O,,,,,,,
67,BAS-RHIN,4,89534,55113,53633,1480,"61,56%",M,DURR,ANDRE,UNION DU RASSEMBLEMENT ET DU CENTRE,RPR,33972,O,M,FRITSCH,CLAUDE,MAJORITE PRESIDENTIELLE POUR LA FRANCE UNIE,SOC,19661,N,,,,,,,
67,BAS-RHIN,6,64311,43386,42084,1302,"67,46%",M,CARO,JEAN MARIE,UNION DU RASSEMBLEEMNT ET DU CENTRE,UDF,25345,O,M,COURTES,ANDRE,MAJORITE PRESIDENTIELLE POUR LA FRANCE UNIE,SOC,16739,N,,,,,,,
67,BAS-RHIN,9,84483,53096,50734,2362,"62,85%",M,SCHOTT,PIERRE,MAJORITE PRESIDENTIELLE POUR LA FRANCE UNIE,MAJ,17886,N,M,SCHREINER,BERNARD,UNION DU RASSEMBLEMENT ET DU CENTRE,RPR,32848,O,,,,,,,
68,HAUT-RHIN,1,59249,38261,36620,1641,"64,58%",M,GERRER,EDMOND,,UDF,21530,O,M,RODENSTEIN,BERNARD,,SOC,15090,N,,,,,,,
68,HAUT-RHIN,5,53266,35097,34450,647,"65,89%",M,BOCKEL,JEAN MARIE,,SOC,15723,O,M,FREULET,GERARD,LISTE D ENTENTE POPULAIRE ET NATIONALE,FRN,5634,N,M,KLIFA,JOSEPH,,UDF,13093,N
68,HAUT-RHIN,6,66621,42492,41217,1275,"63,78%",M,GRIMONT,JEAN,,SOC,19433,N,M,WEBER,JEAN JACQUES,,UDF,21784,O,,,,,,,
68,HAUT-RHIN,7,61088,42542,41109,1433,"69,64%",M,BAEUMLER,JEAN PIERRE,,SOC,21529,O,M,HABY,CHARLES,,DVD,19580,N,,,,,,,
69,RHONE,1,54008,34841,33915,926,"64,51%",M,COLLOMB,GERARD,MAJORITE PRESIDENTIELLE POUR LA FRANCE UNIE,SOC,16469,N,F,ISAAC SIBILLE,BERNADETTE,UNION POUR LE RASSEMBELEMENT AU CENTRE,UDF,17446,O,,,,,,,
69,RHONE,2,65710,41122,39942,1180,"62,58%",M,LAREAL,PIERRE,MAJORITE PRESIDENTIELLE POUR LA FRANCE UNIE,SOC,16448,N,M,NOIR,MICHEL,UNION DU RASSEMBLEMENT ET DU CENTRE,RPR,23494,O,,,,,,,
69,RHONE,3,58091,35821,35126,695,"61,66%",M,DUBERNARD,JEAN MICHEL,UNION DU RASSEMBLEMENT ET DU CENTRE,RPR,20426,O,M,FLACONNECHE,JEAN PIERRE,MAJORITE PRESIDENTIELLE POUR LA FRANCE UNIE,SOC,14700,N,,,,,,,
69,RHONE,6,62583,39991,38958,1033,"63,9%",M,BASSE,RENE,UNION DE RASSEMBLEMENT ET DU CENTRE,UDF,16549,N,M,HERNU,CHARLES,MAJORITE PRESIDENTIELLE POUR LA FRANCE UNIE,SOC,22409,O,,,,,,,
69,RHONE,7,60910,35724,34804,920,"58,65%",M,ANDRE,MARCEL,UNION DU RASSEMBLEMENT ET DU CENTRE,UDF,16279,N,M,QUEYRANNE,JEAN JACK,MAJORITE PRESIDENTIELLE POUR LA FRANCE UNIE,SOC,18525,O,,,,,,,
69,RHONE,9,64741,43630,42819,811,"67,39%",M,PERRUT,FRANCISQUE,UNION DU RASSEMBLEMENT ET DU CENTRE,UDF,25657,O,M,POUTISSOU,ANDRE,MAJORITE PRESIDENTIELLE POUR LA FRANCE UNIE,SOC,17162,N,,,,,,,
69,RHONE,11,60965,42161,41193,968,"69,16%",M,BAHU,JEAN CLAUDE,UNION DU RASSEMBLEMENT ET DU CENTRE,RPR,19819,N,M,MONTCHARMONT,GABRIEL,MAJORITE PRESIDENTIELLE POUR LA FRANCE UNIE,SOC,21374,O,,,,,,,
69,RHONE,12,66152,44770,44028,742,"67,68%",M,LAMBERT,RENE,MAJORITE PRESIDENTIELLE POUR LA FRANCE UNIE,SOC,19751,N,M,TERROT,MICHEL,UNION DU RASSEMBLEMENT ET DU CENTRE,RPR,24277,O,,,,,,,
69,RHONE,13,72271,47612,46769,843,"65,88%",M,GOLLNISCH,BRUNO,LISTE D ENTENTE POPULAIRE ET NATIONALE,FRN,6924,N,M,MAUCLAIR,MICHEL,UNION DE RASSEMBLEMENT ET DU CENTRE,UDF,16087,N,M,POPEREN,JEAN,PARTI SOCIALISTE,SOC,23758,O
69,RHONE,14,49283,19224,14068,5156,"39,01%",F,SUBLET,MARIE JOSEPHE,MAJORITE PRESIDENTIELLE POUR LA FRANCE UNIE,SOC,14068,O,,,,,,,,,,,,,,
70,HAUTE-SAONE,3,51701,41148,39703,1445,"79,59%",M,LEGRAS,PHILIPPE,,RPR,20535,O,M,DABEZIES,PIERRE,PARTI SOCIALISTE,MAJ,19168,N,,,,,,,
71,SAONE-ET-LOIRE,1,60617,42493,41636,857,"70,1%",M,COUTURIER,ROGER,UNION DU RASSEMBLEMENT ET DU CENTRE,RPR,20699,N,M,WORMS,JEAN PIERRE,MAJORITE PRESIDENTIELLE POUR LA FRANCE UNIE,SOC,20937,O,,,,,,,
71,SAONE-ET-LOIRE,2,64163,46127,45234,893,"71,89%",M,DURAFFOUR,PAUL,MAJORITE PRESIDENTIELLE POUR LA FRANCE UNIE,RDG,21904,N,M,NESME,JEAN MARC,UNION DE RASSEMBLEMENT ET DU CENTRE,UDF,23330,O,,,,,,,
71,SAONE-ET-LOIRE,4,64482,43936,42932,1004,"68,14%",M,JOXE,PIERRE,MAJORITE PRESIDENTIELLE POUR LA FRANCE UNIE,SOC,23656,O,M,MARCHAND,JACQUES,UNION DU RASSEMBLEMENT ET DU CENTRE,RPR,19276,N,,,,,,,
71,SAONE-ET-LOIRE,5,59005,43250,42416,834,"73,3%",M,CHAPRON,JEAN ALEXANDRE,MAJORITE PRESIDENTIELLE POUR LA FRANCE UNIE,SOC,20429,N,M,PERBEN,DOMINIQUE,UNION DU RASSEMBLEMENT ET DU CENTRE,RPR,21987,O,,,,,,,
71,SAONE-ET-LOIRE,6,79336,56407,55157,1250,"71,1%",M,BEAUMONT,RENE,,UDF,28860,O,M,MATHUS,MAURICE,MAJORITE PRESIDENTIELLE POUR LA FRANCE UNIE,SOC,26297,N,,,,,,,
72,SARTHE,1,64170,43925,42836,1089,"68,45%",M,CHASSEGUET,GERARD,,RPR,23726,O,F,ISNARD,NYCETTE,MAJORITE PRESIDENTIELLE POUR LA FRANCE UNIE,SOC,19176,N,,,,,,,
72,SARTHE,2,76620,48932,46987,1945,"63,86%",M,DAUNAY,JEAN,,UDF,16234,N,M,DOUYERE,RAYMOND,MAJORITE PRESIDENTIELLE POUR LA FRANCE UNIE,SOC,30753,O,,,,,,,
72,SARTHE,3,76131,56004,54831,1173,"73,56%",M,CHAUVEAU,GUY MICHEL,MAJORITE PRESIDENTIELLE POUR LA FRANCE UNIE,SOC,29044,O,M,JACOB,FRANCOIS,,UDF,25787,N,,,,,,,
72,SARTHE,5,78704,57296,56179,1117,"72,8%",M,BOLLENGIER STRAGIER,GEORGES,,UDF,27779,N,M,BOULARD,JEAN CLAUDE,MAJORITE PRESIDENTIELLE POUR LA FRANCE UNIE,SOC,28400,O,,,,,,,
73,SAVOIE,1,80069,57036,56153,883,"71,23%",M,BESSON,LOUIS,MAJORITE PRESIDENTIELLE POUR LA FRANCE UNIE,SOC,30542,O,M,FERRARI,GRATIEN,,SOC,25611,N,,,,,,,
73,SAVOIE,3,80785,56042,54928,1114,"69,37%",M,BOUVARD,MICHEL,UNION POUR LA SAVOIE,RPR,25413,N,M,RINCHET,ROGER,,SOC,29515,O,,,,,,,
74,HAUTE-SAVOIE,3,62627,31830,26083,5747,"50,82%",M,BRIANT,YVON,,DVD,10132,N,M,MEYLAN,MICHEL,,UDF,15951,O,,,,,,,
74,HAUTE-SAVOIE,4,66372,44316,43634,682,"66,77%",M,BIRRAUX,CLAUDE,,UDF,24063,O,M,BORREL,ROBERT,,MAJ,19571,N,,,,,,,
74,HAUTE-SAVOIE,5,75645,50031,48540,1491,"66,14%",M,DUPESSEY,SERGE,,SOC,20836,N,M,MAZEAUD,PIERRE,,RPR,27704,O,,,,,,,
75,PARIS,1,65840,42224,41579,645,"64,13%",M,BENASSAYAG,MAURICE,,SOC,19652,N,M,DOMINATI,JACQUES,,UDF,21927,O,,,,,,,
75,PARIS,3,55332,34336,33980,356,"62,05%",M,BAS,PIERRE,,DVD,7565,N,M,FREDERIC DUPONT,EDOUARD,,DVD,18440,O,M,LACAN,GILLES,,SOC,7975,N
75,PARIS,5,48183,29872,29319,553,62%,M,MARCUS,CLAUDE,,RPR,15945,O,M,MARTINET,GILLES,,SDC,13374,N,,,,,,,
75,PARIS,6,59978,37852,37053,799,"63,11%",M,SARRE,GEORGES,,SOC,20719,O,M,VIOLET,PAUL,UNION DU RASSEMBLEMENT ET DU CENTRE,RPR,16334,N,,,,,,,
75,PARIS,7,60535,39461,38749,712,"65,19%",M,BLOCHE,PATRICK,,SOC,19073,N,M,DEVAQUET,ALAIN,,RPR,19676,O,,,,,,,
75,PARIS,8,64806,43368,42560,808,"66,92%",M,DE BENOUVILLE,PIERRE,,RPR,23732,O,M,FARANDJIS,STELIO,,SOC,18828,N,,,,,,,
75,PARIS,9,54155,35857,35249,608,"66,21%",F,COUDERC,ANNE MARIE,UNION DU RASSEMBELEMENT ET DU CENTRE,RPR,15692,N,M,QUILES,PAUL,,SOC,19557,O,,,,,,,
75,PARIS,10,62548,43301,42631,670,"69,23%",F,STIEVENARD,GISELE,,SOC,20991,N,M,TOUBON,JACQUES,UNION DU RASSEMBLEMENT ET DU CENTRE,RPR,21640,O,,,,,,,
75,PARIS,11,59546,39685,39098,587,"66,65%",F,BRICQ,NICOLE,,SOC,18910,N,F,CATALA,NICOLE,,RPR,20188,O,,,,,,,
75,PARIS,17,59412,36284,35575,709,"61,07%",F,DAVANT,YVETTE,,SOC,16322,N,F,DE PANAFIEU,FRANCOISE,,RPR,19253,O,,,,,,,
75,PARIS,18,62424,39555,38890,665,"63,37%",M,DELANOE,BERTRAND,,SOC,18006,N,M,JUPPE,ALAIN,,RPR,20884,O,,,,,,,
75,PARIS,19,45595,27489,26749,740,"60,29%",M,PIERRE BLOCH,JEAN PIERRE,,UDR,12108,N,M,VAILLANT,DANIEL,,SOC,14641,O,,,,,,,
75,PARIS,20,59904,37935,37112,823,"63,33%",M,CAMBADELIS,JEAN CHRISTOPHE,,SOC,19139,O,M,FERON,JACQUES,,RPR,17973,N,,,,,,,
75,PARIS,21,68738,44236,43426,810,"64,35%",M,BARIANI,DIDIER,,UDF,21101,N,M,CHARZAT,MICHEL,,SOC,22325,O,,,,,,,
76,SEINE-MARITIME,1,58704,39969,39064,905,"68,09%",M,ALLARD,JEAN,UNION DU RASSEMBLEMENT ET DU CENTRE,UDF,19042,N,M,BEREGOVOY,MICHEL,,SOC,20022,O,,,,,,,
76,SEINE-MARITIME,2,73395,51524,49968,1556,"70,2%",M,ALBERTINI,PIERRE,,UDF,24907,N,M,GAMBIER,DOMINIQUE,,SOC,25061,O,,,,,,,
76,SEINE-MARITIME,3,59999,29064,22592,6472,"48,44%",M,BOURGUIGNON,PIERRE,,SOC,22592,O,,,,,,,,,,,,,,
76,SEINE-MARITIME,5,78446,55029,53520,1509,"70,15%",M,BATEUX,JEAN CLAUDE,,SOC,35306,O,M,LABOURE,DANIEL,UNION DU RASSEMBLEMENT ET DU CENTRE,RPR,18214,N,,,,,,,
76,SEINE-MARITIME,6,72567,49397,48069,1328,"68,07%",M,DHAILLE,PAUL,,SOC,30939,O,M,LAPLACE,CLAUDE,UNION DU RASSEMBLEMENT ET DU CENTRE,UDF,17130,N,,,,,,,
76,SEINE-MARITIME,7,61352,40586,39829,757,"66,15%",M,FOUILLAND,PATRICK,,SOC,18909,N,M,RUFENACHT,ANTOINE,,RPR,20920,O,,,,,,,
76,SEINE-MARITIME,8,57152,24705,19061,5644,"43,23%",M,DUROMEA,ANDRE,PARTI COMMUNISTE FRANCAIS,COM,19061,O,,,,,,,,,,,,,,
76,SEINE-MARITIME,9,71443,52993,51960,1033,"74,18%",F,BREDIN,FREDERIQUE,,SOC,26424,O,M,REVET,CHARLES,,UDF,25536,N,,,,,,,
76,SEINE-MARITIME,10,71087,54695,53671,1024,"76,94%",M,FOSSE,ROGER,,RPR,25726,N,M,LEDUC,JEAN MARIE,,SOC,27945,O,,,,,,,
76,SEINE-MARITIME,11,70903,51763,50427,1336,"73,01%",M,BEAUFILS,JEAN,,SOC,29796,O,M,LEVEAU,EDOUARD,,RPR,20631,N,,,,,,,
76,SEINE-MARITIME,12,64830,48932,47843,1089,"75,48%",M,DELATRE,GEORGES,,RPR,23640,N,M,LE VERN,ALAIN,,SOC,24203,O,,,,,,,
77,SEINE-ET-MARNE,1,68824,47490,46642,848,69%,M,LALONDE,BRICE,,MAJ,22248,N,M,MIGNON,JEAN CLAUDE,RASSEMBLEMENT POUR LA REPUBLIQUE,RPR,24394,O,,,,,,,
77,SEINE-ET-MARNE,3,65393,44245,42843,1402,"67,66%",M,HYEST,JEAN JACQUES,,UDF,21813,O,M,MARTIN DE BEAUCE,THIERRY,,MAJ,21030,N,,,,,,,
77,SEINE-ET-MARNE,4,67045,47871,46679,1192,"71,4%",M,FROMION,MARC,PARTI SOCIALISTE,SOC,19823,N,M,PEYREFITTE,ALAIN,RASSEMBLEMENT POUR LA REPUBLIQUE,RPR,26856,O,,,,,,,
77,SEINE-ET-MARNE,5,66651,46899,45921,978,"70,37%",M,VALLIER,MICHEL,PARTI SOCIALISTE,SOC,21984,N,M,DRUT,GUY,RASSEMBLEMENT POUR LA REPUBLIQUE,RPR,23937,O,,,,,,,
77,SEINE-ET-MARNE,6,63561,41982,40801,1181,"66,05%",M,LE FOLL,ROBERT,PARTI SOCIALISTE,SOC,23093,O,M,MEUTEY,PIERRE,UNION POUR LA DEMOCRATIE FRANCAISE,UDF,17708,N,,,,,,,
77,SEINE-ET-MARNE,7,73650,49060,47970,1090,"66,61%",M,PLANCHOU,JEAN PAUL,PARTI SOCIALISTE,SOC,24527,O,M,COVA,CHARLES,RASSEMBLEMENT POUR LA REPUBLIQUE,RPR,23443,N,,,,,,,
77,SEINE-ET-MARNE,8,66297,44032,43026,1006,"66,42%",M,FOURRE,JEAN PIERRE,PARTI SOCIALISTE,SOC,24756,O,M,BURLET,GERARD,RASSEMBLEMENT POUR LA REPUBLIQUE,RPR,18270,N,,,,,,,
77,SEINE-ET-MARNE,9,71298,48708,47684,1024,"68,32%",M,VIVIEN,ALAIN,PARTI SOCIALISTE,SOC,26814,O,M,KIRCHHEIM,JEAN,RASSEMBLEMENT POUR LA REPUBLIQUE,RPR,20870,N,,,,,,,
78,YVELINES,2,67818,46103,45309,794,"67,98%",M,BOROTRA,FRANCK,UNION DU RASSEMBLEMENT ET DU CENTRE,RPR,27223,O,M,PIGNE,ANDRE,POUR LA FRANCE UNIE,SOC,18086,N,,,,,,,
78,YVELINES,4,67907,45696,44896,800,"67,29%",M,LEQUILLER,PIERRE,UNION DU RASSEMBLEMENT ET DU CENTRE,UDF,26969,O,F,PENEZ,JACQUELINE,POUR LA FRANCE UNIE,SOC,17927,N,,,,,,,
78,YVELINES,5,65200,44272,43335,937,"67,9%",M,LE GARS,JEAN,POUR LA FRANCE UNIE,SOC,17845,N,M,JONEMANN,ALAIN,RASSEMBLEMENT POUR LA REPUBLIQUE,RPR,25490,O,,,,,,,
78,YVELINES,7,61503,42093,41243,850,"68,44%",M,REBREYEND,GERARD,UNION DU RASSEMBLEMENT ET DU CENTRE,UDF,18600,N,M,ROCARD,MICHEL,POUR LA FRANCE UNIE,SOC,22643,O,,,,,,,
78,YVELINES,8,57487,38050,37010,1040,"66,19%",M,DANIEL,PIERRE,UNION DU RASSEMBLEMENT  ET DU CENTRE,RPR,16104,N,M,SCHREINER,BERNARD,MAJORITE PRESIDENTIELLE PARTI SOCIALISTE,SOC,20906,O,,,,,,,
78,YVELINES,9,69836,49385,48135,1250,"70,72%",M,COTTAVE,JEAN,POUR LA FRANCE UNIE,SDC,23198,N,M,CUQ,HENRI,UNION DU RASSEMBLEMENT ET DU CENTRE,RPR,24937,O,,,,,,,
78,YVELINES,10,80602,58472,57392,1080,"72,54%",F,BOUTIN,CHRISTINE,UNION DU RASSEMBLEMENT ET DU CENTRE,UDF,32260,O,M,MOUGEOT,GEORGES,POUR LA FRANCE UNIE,SOC,25132,N,,,,,,,
78,YVELINES,11,53093,34401,33537,864,"64,79%",F,CAYET,JANINE,UNION DU RASSEMBLEMENT ET DU CENTRE,UDF,15134,N,M,MALANDAIN,GUY,POUR LA FRANCE UNIE,SOC,18403,O,,,,,,,
78,YVELINES,12,57849,39735,38939,796,"68,69%",F,FRACHON,MARTINE,POUR LA FRANCE UNIE,SOC,19295,N,M,MASDEU ARUS,JACQUES,UNION DU RASSEMBLEMENT ET DU CENTRE,RPR,19644,O,,,,,,,
79,DEUX-SEVRES,2,67340,49278,48300,978,"73,18%",M,BILLARD,PIERRE,,UDF,23874,N,F,ROYAL,SEGOLENE,CHARGE DE MISSION AU SECRETARIAT GENERAL DE LA PRESIDENCE DE LA REPUBLIQUE,SOC,24426,O,,,,,,,
80,SOMME,1,56796,38128,36510,1618,"67,13%",M,PLEZ,JEAN PAUL,UNION RASSEMBLEMENT ET DU CENTRE,RPR,13235,N,M,DESSEIN,JEAN CLAUDE,PARTI SOCIALISTE,SOC,23275,O,,,,,,,
80,SOMME,2,61084,44285,43292,993,"72,5%",M,DE ROBIEN,GILLES,UNION DU RASSEMBLEMENT ET DU CENTRE,UDF,22781,O,M,ANGER,RENE,PARTI SOCIALISTE,SOC,20511,N,,,,,,,
80,SOMME,3,64280,53147,51381,1766,"82,68%",M,BIGNON,JEROME,UNION DU RASSEMBLEMENT ET DU CENTRE,RPR,23774,N,M,HIARD,PIERRE,MAJORITE PRESIDENTIELLE POUR UNE FRANCE UNIE,SOC,27607,O,,,,,,,
80,SOMME,4,68090,54301,52804,1497,"79,75%",M,HART,JOEL,UNION DU RASSEMBLEMENT ET DU CENTRE,RPR,24916,N,M,BECQ,JACQUES,PARTI SOCIALISTE,SOC,27888,O,,,,,,,
80,SOMME,6,68210,53469,52097,1372,"78,39%",M,CLAISSE,PIERRE,UNION DU RASSEMBLEMENT ET DU CENTRE,UDF,22485,N,M,FLEURY,JACQUES,PARTI SOCIALISTE,SOC,29612,O,,,,,,,
81,TARN,2,69803,53835,52377,1458,"77,12%",M,BONNECARRERE,PHILIPPE,,RPR,24067,N,M,PISTRE,CHARLES,PARTI SOCIALISTE,SDC,28310,O,,,,,,,
81,TARN,3,58437,46517,44925,1592,"79,6%",M,DEYVEAUX,PHILIPPE,PARTIE SOCIALISTE,SOC,20454,N,M,LIMOUZY,JACQUES,,RPR,24471,O,,,,,,,
81,TARN,4,68077,55621,54323,1298,"81,7%",M,MAMY,ALBERT,,UDF,26353,N,F,ALQUIER,JACQUELINE,PARTI SOCIALISTE,SOC,27970,O,,,,,,,
82,TARN-ET-GARONNE,1,71958,56076,54554,1522,"77,93%",M,BONHOMME,JEAN,UNION DU RASSEMBLEMENT ET DU CENTRE,RPR,25842,N,M,GOUZE,HUBERT,,SOC,28712,O,,,,,,,
83,VAR,1,57822,38067,37116,951,"65,83%",M,COLIN,DANIEL,,UDF,23164,O,F,CASANOVA,ODETTE,PARTI SOCIALISTE,SOC,13952,N,,,,,,,
83,VAR,2,57831,38810,37728,1082,"67,11%",M,COLOMBANI,LOUIS,UNION DU RASSEMBLEMENT ET DU CENTRE,UDF,21017,O,M,GAIA,ROBERT,PARTI SOCIALISTE,SOC,16711,N,,,,,,,
83,VAR,3,82829,60153,57490,2663,"72,62%",M,BIANCOTTO,GASTON,MAJORITE PRESIDENTIELLE,SOC,26608,N,M,PIAT,YANN,FRONT NATIONAL,FRN,30882,O,,,,,,,
83,VAR,4,84326,63062,61408,1654,"74,78%",M,COUVE,JEAN MICHEL,UNION DU RASSEMBLEMENT ET DU CENTRE,RPR,35329,O,M,MARIANI,BARTHELEMY,,SOC,26079,N,,,,,,,
83,VAR,5,72634,52770,52077,693,"72,65%",M,LEOTARD,FRANCOIS,UNION DU RASSEMBLEMENT ET DU CENTRE UNION POUR LA VAR,UDF,27080,O,M,COLLOMBAT,PIERRE YVES,PARTI SOCIALISTE,SOC,17398,N,M,LE CHEVALLIER,JEAN MARIE,FRONT NATIONAL,FRN,7599,N
83,VAR,6,99045,76342,74383,1959,"77,08%",M,FALCO,HUBERT,UNION DU RASSEMBLEMENT ET DU CENTRE,UDF,38497,O,M,JANETTI,MAURICE,PARTI SOCIALISTE,SOC,35886,N,,,,,,,
83,VAR,7,89385,61458,59787,1671,"68,76%",M,DURBEC,GUY,,SOC,26168,N,M,PAECHT,ARTHUR,UNION DU RASSEMBLEMENT ET DU CENTRE,UDF,33619,O,,,,,,,
84,VAUCLUSE,1,67854,49818,48131,1687,"73,42%",M,RAVIER,GUY,,SOC,25531,O,M,ROUX,JEAN PIERRE,,RPR,22600,N,,,,,,,
84,VAUCLUSE,2,91292,67996,66023,1973,"74,48%",M,BOREL,ANDRE,,SOC,34958,O,M,FRUCTUS,PIERRE,,UDF,31065,N,,,,,,,
84,VAUCLUSE,3,75525,55809,54051,1758,"73,89%",M,BRUN,JEAN FRANCOIS,,SOC,24955,N,M,FERRAND,JEAN MICHEL,,RPR,29096,O,,,,,,,
84,VAUCLUSE,4,69486,53050,51465,1585,"76,35%",M,GATEL,JEAN,,SOC,26026,O,M,MARIANI,THIERRY,,RPR,25439,N,,,,,,,
85,VENDEE,5,72333,56249,55424,825,"77,76%",M,DE TINGUY DU POUET,MONFORT,,UDF,27369,N,M,METAIS,PIERRE,,SOC,28055,O,,,,,,,
86,VIENNE,2,62378,44299,43481,818,"71,02%",M,CHAMARD,JEAN YVES,UNION DU RASSEMBLEMENT ET DU CENTRE,RPR,22291,O,M,CLAEYS,ALAIN,PARTI SOCIALISTE,SOC,21190,N,,,,,,,
86,VIENNE,3,69954,53704,52539,1165,"76,77%",M,LEPERCQ,ARNAUD,UNION DU RASSEMBLEMENT ET DU CENTRE,RPR,26574,O,M,CARTRAUD,RAOUL,PARTI SOCIALISTE,SOC,25965,N,,,,,,,
86,VIENNE,4,73210,52933,51601,1332,"72,3%",M,ABELIN,JEAN PIERRE,UNION DU RASSEMBLEMENT ET DU CENTRE,UDF,24558,N,F,CRESSON,EDITH,PARTI SOCIALISTE,SOC,27043,O,,,,,,,
87,HAUTE-VIENNE,1,53814,39288,37942,1346,"73,01%",M,BERNARD,MICHEL,UNION DU RASSEMBLEMENT ET DU CENTRE,RPR,17915,N,M,SAVY,ROBERT,PARTI SOCIALISTE,SOC,20027,O,,,,,,,
87,HAUTE-VIENNE,2,72548,56235,53783,2452,"77,51%",M,DEBUSSCHERE,MARC,UNION DU RASSEMBLEMENT ET DU CENTRE,DVD,20250,N,M,PEYRONNET,JEAN CLAUDE,PARTI SOCIALISTE,SOC,33533,O,,,,,,,
87,HAUTE-VIENNE,3,67446,48491,46133,2358,"71,9%",M,BOUVET,HENRI,PARTI RADICAL SOUTENU PAR L UNION DU RASSEMBLEMENT ET DU CENTRE,UDF,16685,N,M,MOCOEUR,MARCEL,PARTI SOCIALISTE,SOC,29448,O,,,,,,,
87,HAUTE-VIENNE,4,68413,49360,46996,2364,"72,15%",M,BARRY,ANDRE,UNION DU RASSEMBLEMENT ET DU CENTRE,RPR,14618,N,M,RODET,ALAIN,PARTI SOCIALISTE,SOC,32378,O,,,,,,,
88,VOSGES,1,71744,55659,54117,1542,"77,58%",M,SEGUIN,PHILIPPE,,RPR,27133,O,M,WELZER,GERARD,,MAJ,26984,N,,,,,,,
88,VOSGES,3,63978,46739,45190,1549,"73,05%",M,SPILLER,CHRISTIAN,,DVD,24289,O,M,VAXELAIRE,GUY,,SOC,20901,N,,,,,,,
88,VOSGES,4,68365,52396,50956,1440,"76,64%",M,BELTRAME,SERGE,,SOC,25650,O,M,JACQUOT,ALAIN,,RPR,25306,N,,,,,,,
89,YONNE,1,71724,51107,49830,1277,"71,26%",M,ROUSSEAU,JEAN PAUL,,SOC,20961,N,M,SOISSON,JEAN PIERRE,,UDF,28869,O,,,,,,,
89,YONNE,2,70862,51890,50545,1345,"73,23%",M,DIREZ,GREGOIRE,,UDF,22316,N,M,NALLET,HENRI,,SOC,28229,O,,,,,,,
89,YONNE,3,78296,56960,55483,1477,"72,75%",M,AUBERGER,PHILIPPE,,RPR,31021,O,M,POILLOT,JEAN RENE,,SOC,24462,N,,,,,,,
90,TERRITOIRE DE BELFORT,1,40775,29040,28131,909,"71,22%",M,BICHET,JACQUES,,UDF,13090,N,M,FORNI,RAYMOND,PARTI SOCIALISTE,SOC,15041,O,,,,,,,
91,ESSONNE,1,52338,34106,32989,1117,"65,16%",M,GERING,JACQUES,,RPR,13347,N,M,GUYARD,JACQUES,PARTI SOCIALISTE,SOC,19642,O,,,,,,,
91,ESSONNE,2,64634,46650,45511,1139,"72,18%",M,COUDERC,AMAURY,,SOC,21233,N,M,DUGOIN,XAVIER,,RPR,24278,O,,,,,,,
91,ESSONNE,3,72463,52899,51691,1208,73%,M,DE BOISHUE,JEAN,,RPR,24354,N,M,TAVERNIER,YVES,,SOC,27337,O,,,,,,,
91,ESSONNE,4,62671,45563,44621,942,"72,7%",F,MORICHAUD,NICOLE,,SOC,22286,N,M,WILTZER,PIERRE ANDRE,,UDF,22335,O,,,,,,,
91,ESSONNE,5,57065,42010,41179,831,"73,62%",M,BAMBUCK,ROGER,MAJORITE PRESIDENTIELLE POUR LA FRANCE UNIE,SOC,20176,N,M,PELCHAT,MICHEL,,UDF,21003,O,,,,,,,
91,ESSONNE,6,69740,46310,45086,1224,"66,4%",M,ALLAIN,JACQUES,,RPR,19991,N,M,GERMON,CLAUDE,PARTI SOCIALISTE,SOC,25095,O,,,,,,,
91,ESSONNE,7,68895,47283,46225,1058,"68,63%",M,L HELGUEN,RENE,,RPR,22310,N,F,LIENEMANN,MARIE NOELLE,,SDC,23915,O,,,,,,,
91,ESSONNE,8,68346,46145,45132,1013,"67,52%",M,BERSON,MICHEL,,SOC,23739,O,M,BETEILLE,LAURENT,,RPR,21393,N,,,,,,,
91,ESSONNE,9,63612,42598,41703,895,"66,97%",M,HUVELIN,BERNARD,,UDF,19961,N,M,MANDON,THIERRY,,SOC,21742,O,,,,,,,
91,ESSONNE,10,57030,35892,34651,1241,"62,94%",M,AVENARD,PIERRE,,DVD,15270,N,M,DRAY,JULIEN,,SOC,19380,O,,,,,,,
92,HAUTS-DE-SEINE,1,57924,26991,19458,7533,"46,6%",M,BRUNHES,JACQUES,RASSEMBLEMENT DES FORCES DE GAUCHE PRESENTE PAR LE PARTI COMMUNISTE FRANCAIS,COM,19458,O,,,,,,,,,,,,,,
92,HAUTS-DE-SEINE,2,58508,38585,37749,836,"65,95%",M,LANERET,MICHEL,MAJORITE PRESIDENTIELLE POUR LA FRANCE UNIE,SOC,16087,N,M,TRANCHANT,GEORGES,,RPR,21662,O,,,,,,,
92,HAUTS-DE-SEINE,3,63866,42997,42057,940,"67,32%",M,HABY,JEAN YVES,,UDF,25371,O,M,PRONNIER,GILLES,MAJORITE PRESIDENTIELLE POUR LA FRANCE UNIE,SOC,16686,N,,,,,,,
92,HAUTS-DE-SEINE,4,61141,39713,38488,1225,"64,95%",M,DUPUY,CHRISTIAN,,RPR,17328,N,M,SAPIN,MICHEL,MAJORITE PRESIDENTIELLE POUR LA FRANCE UNIE,SOC,21160,O,,,,,,,
92,HAUTS-DE-SEINE,5,52180,36498,35598,900,"69,95%",M,BALKANY,PATRICK,,RPR,17968,O,M,CATOIRE,GILLES,PARTI SOCIALISTE,SOC,17630,N,,,,,,,
92,HAUTS-DE-SEINE,8,66366,45937,44807,1130,"69,22%",M,LABBE,CLAUDE,,RPR,25783,O,F,SAINT CRIQ,REGINE,PARTI SOCIALISTE,SOC,19024,N,,,,,,,
92,HAUTS-DE-SEINE,10,51522,36297,35577,720,"70,45%",M,SANTINI,ANDRE,UNION DE RASSEMBLEMENT ET DU CENTRE,UDP,18607,O,M,MARGNES,MICHEL,PARTI SOCIALISTE,SOC,16970,N,,,,,,,
92,HAUTS-DE-SEINE,11,66212,41329,40033,1296,"62,42%",M,TROUVE,GERARD,UNION DU RASSEMBLEMENT ET DU CENTRE,UDF,16597,N,M,BASSINET,PHILIPPE,PARTI SOCIALISTE,SOC,23436,O,,,,,,,
92,HAUTS-DE-SEINE,12,74482,52202,51218,984,"70,09%",M,FOUCHER,JEAN PIERRE,UNION DU RASSEMBLEMENT ET DU CENTRE,UDF,25941,O,M,LE BAILL,GEORGES,PARTI SOCIALISTE,SOC,25277,N,,,,,,,
92,HAUTS-DE-SEINE,13,78704,57460,56426,1034,"73,01%",M,DEVEDJIAN,PATRICK,,RPR,30058,O,M,MERLE,JEAN FRANCOIS,PARTI SOCIALISTE,SOC,26368,N,,,,,,,
93,SEINE-SAINT-DENIS,1,52121,23702,16970,6732,"45,47%",M,BONNEMAISON,GILBERT,MAJORITE PRESIDENTIELLE POUR LA FRANCE UNIE,SOC,16970,O,,,,,,,,,,,,,,
93,SEINE-SAINT-DENIS,2,51403,23732,18132,5600,"46,17%",M,BERTHELOT,MARCELIN,PARTI COMMUNISTE FRANCAIS,COM,18132,O,,,,,,,,,,,,,,
93,SEINE-SAINT-DENIS,3,52641,24115,17696,6419,"45,81%",F,JACQUAINT,MUGUETTE,PARTI COMMUNISTE FRANCAIS,COM,17696,O,,,,,,,,,,,,,,
93,SEINE-SAINT-DENIS,4,46871,21802,15635,6167,"46,51%",M,PIERNA,LOUIS,RASSEMBLEMENT DES FORCES DE GAUCHE PRESENTE PAR LE PARTI COMMUNISTE FRANCAIS,COM,15635,O,,,,,,,,,,,,,,
93,SEINE-SAINT-DENIS,5,57480,27299,20491,6808,"47,49%",M,GAYSSOT,JEAN CLAUDE,RASSEMBLEMENT DES FORCES DE GAUCHE PRESENTE PAR LE PARTI COMMUNISTE FRANCAIS,COM,20491,O,,,,,,,,,,,,,,
93,SEINE-SAINT-DENIS,6,59315,36690,35487,1203,"61,86%",M,BARTOLONE,CLAUDE,MAJORITE PRESIDENTIELLE POUR UNE FORCE UNIE,SOC,21225,O,M,SALLES,JEAN JACK,UNION DU RASSEMBLEMENT ET DU CENTRE,UDF,14262,N,,,,,,,
93,SEINE-SAINT-DENIS,7,50756,29789,28726,1063,"58,69%",M,BRARD,JEAN PIERRE,RASSEMBLEMENT DES FORCES DE GAUCHE PRESENTE PAR LE PARTI COMMUNISTE FRANCAIS,COM,18280,O,M,GAULIN,MARC,UNION DU RASSEMBLEMENT ET DU CENTRE,RPR,10446,N,,,,,,,
93,SEINE-SAINT-DENIS,8,61771,41197,40280,917,"66,69%",M,NOEL,ANDRE,MAJORITE PRESIDENTIELLE POUR UNE FRANCE UNIE,SOC,19362,N,M,PANDRAUD,ROBERT,UNION DU RASSEMBLEMENT ET DU CENTRE,RPR,20918,O,,,,,,,
93,SEINE-SAINT-DENIS,9,60255,27016,19200,7816,"44,84%",F,NEIERTZ,VERONIQUE,MAJORITE PRESIDENTIELLE POUR UNE FRANCE UNIE,SOC,19200,O,,,,,,,,,,,,,,
93,SEINE-SAINT-DENIS,10,51383,33285,32446,839,"64,78%",M,ABRIOUX,JEAN CLAUDE,UNION DU RASSEMBLEMENT ET DU CENTRE,RPR,15837,N,M,DELHY,JACQUES,MAJORITE PRESIDENTIELLE POUR UNE FRANCE UNIE,SOC,16609,O,,,,,,,
93,SEINE-SAINT-DENIS,11,52270,22551,15441,7110,"43,14%",M,ASENSI,FRANCOIS,PARTI COMMUNISTE FRANCAIS,COM,15441,O,,,,,,,,,,,,,,
93,SEINE-SAINT-DENIS,12,59046,39641,38294,1347,"67,14%",M,RAOULT,ERIC,UNION DU RASSEMBLEMENT ET DU CENTRE,RPR,19985,O,F,THOMAS,ISABELLE,MAJORITE PRESIDENTIELLE POUR UNE FRANCE UNIE,SOC,18309,N,,,,,,,
93,SEINE-SAINT-DENIS,13,54676,36653,35825,828,"67,04%",M,DEMUYNCK,CHRISTIAN,UNION DU RASSEMBLEMENT ET DU CENTRE,RPR,16653,N,M,MAHEAS,JACQUES,,SOC,19172,O,,,,,,,
94,VAL-DE-MARNE,1,52921,36102,35212,890,"68,22%",F,PAPON,CHRISTIANE,,RPR,19856,O,M,MAURIN,ANDRE,PARTI SOCIALISTE,SOC,15356,N,,,,,,,
94,VAL-DE-MARNE,2,61081,38539,37360,1179,"63,09%",M,GUILLOU,MICHEL,,RPR,13075,N,M,CATHALA,LAURENT,PARTI SOCIALISTE,SOC,24285,O,,,,,,,
94,VAL-DE-MARNE,3,63588,42343,41203,1140,"66,59%",M,MIGNARD,MICHEL,,RPR,18640,N,M,SCHWARTZENBERG,ROGER,MOUVEMENT DES RADICAUX DE GAUCHE,RDC,22563,O,,,,,,,
94,VAL-DE-MARNE,4,57757,40920,39976,944,"70,85%",M,JEGOU,JEAN JACQUES,,UDF,20969,O,M,DELAPORTE,SERGE,PARTI SOCIALISTE,SOC,19007,N,,,,,,,
94,VAL-DE-MARNE,5,58706,37987,37158,829,"64,71%",M,GIRAUD,MICHEL,,RPR,20325,O,F,NEVOUX,PAULETTE,PARTI SOCIALISTE,SOC,16833,N,,,,,,,
94,VAL-DE-MARNE,6,75621,47911,46750,1161,"63,36%",M,VIVIEN,ROBERT ANDRE,,RPR,26870,O,M,COLLET,JEAN FRANCOIS,PARTI SOCIALISTE,SOC,19880,N,,,,,,,
94,VAL-DE-MARNE,7,53825,36372,35571,801,"67,57%",M,NUNGESSER,ROLAND,,RPR,21372,O,M,MOREL,HENRI,PARTI SOCIALISTE,SOC,14199,N,,,,,,,
94,VAL-DE-MARNE,8,51588,35469,34755,714,"68,75%",M,GRIOTTERAY,ALAIN,,UDF,19377,O,M,MULLER,CLAUDE,PARTI SOCIALISTE,SOC,15378,N,,,,,,,
94,VAL-DE-MARNE,9,52433,24624,18643,5981,"46,96%",M,ROUQUET,RENE,PARTI SOCIALISTE,SOC,18643,O,,,,,,,,,,,,,,
94,VAL-DE-MARNE,10,59237,31782,24809,6973,"53,65%",M,LEFORT,JEAN CLAUDE,PARTI COMMUNISTE FRANCAIS,COM,24809,O,,,,,,,,,,,,,,
94,VAL-DE-MARNE,11,56899,36774,34821,1953,"64,63%",M,DUBREUIL,SERGE,,RPR,11929,N,M,MARCHAIS,GEORGES,PARTI COMMUNISTE FRANCAIS,COM,22892,O,,,,,,,
94,VAL-DE-MARNE,12,57049,38741,37820,921,"67,91%",M,DELL AGNOLA,RICHARD,,RPR,16832,N,M,TABANOU,PIERRE,PARTI SOCIALISTE,SOC,20988,O,,,,,,,
95,VAL-D'OISE,1,63700,45037,43857,1180,"70,7%",M,LACHENAUD,JEAN PHILIPPE,,UDF,22457,O,M,MORIN,BERNARD,,SOC,21400,N,,,,,,,
95,VAL-D'OISE,2,73229,49543,48420,1123,"67,65%",M,HUMBERT,REGIS,UNION DU RASSEMBLEMENT ET DU CENTRE,UDF,21218,N,M,RICHARD,ALAIN,,SOC,27202,O,,,,,,,
95,VAL-D'OISE,3,67855,47356,46249,1107,"69,79%",M,BARDET,JEAN,,RPR,23061,N,M,BEQUET,JEAN PIERRE,,SOC,23188,O,,,,,,,
95,VAL-D'OISE,4,65106,45561,44760,801,"69,98%",M,DELATTRE,FRANCIS,,UDF,23606,O,M,GAYET,FRANCOIS,,MAJ,21154,N,,,,,,,
95,VAL-D'OISE,5,63886,30142,22143,7999,"47,18%",M,MONTDARGENT,ROBERT,PARTI COMMUNISTE FRANCAIS,COM,22143,O,,,,,,,,,,,,,,
95,VAL-D'OISE,6,63654,42706,41809,897,"67,09%",M,DELALANDE,JEAN PIERRE,,RPR,22878,O,M,MOUSEL,MICHEL,,MAJ,18931,N,,,,,,,
95,VAL-D'OISE,7,69672,48151,47058,1093,"69,11%",M,FROMENT MEURICE,FRANCOIS,,UDF,23300,N,F,LECUIR,MARIE FRANCE,,SOC,23758,O,,,,,,,
95,VAL-D'OISE,8,50594,29447,28543,904,"58,2%",M,DENOYELLE,ROBERT,,RPR,11168,N,M,STRAUSS KAHN,DOMINIQUE,,SOC,17375,O,,,,,,,
95,VAL-D'OISE,9,54597,35958,34889,1069,"65,86%",M,COFFINEAU,MICHEL,,SOC,19993,O,M,DURAND,JACQUES,UNION DU RASSEMBLEMENT ET DU CENTRE,RPR,14896,N,,,,,,,
971,GUADELOUPE,1,47574,16493,14891,1602,"34,67%",M,JALTON,FREDERIC,FEDERATION GUADELOUPEENNE DU PARTI SOCIALISTE,SOC,14891,O,,,,,,,,,,,,,,
971,GUADELOUPE,2,57354,21844,20871,973,"38,09%",F,CAPTANT,MARLENE,RASSEMBLEMENT GAULLISTE POUR LE PROGRES DE LA GUADELOUPE DANS LA FRANCE,RPR,8414,N,M,MOUTOUSSAMY,ERNEST,PARTI COMMUNISTE GUADELOUPEEN,COM,12457,O,,,,,,,
971,GUADELOUPE,3,45933,19441,18372,1069,"42,32%",M,CHAMMOUGON,EDOUARD,,RPR,8042,N,F,LARIFLA,MONIQUE,FEDERATION GUADELOUPEENNE DU PARTI SOCIALISTE,SOC,10330,O,,,,,,,
971,GUADELOUPE,4,46608,18485,17576,909,"39,66%",F,MICHAUX CHEVRY,LUCETTE,,DVD,11063,O,M,CLERY,JEROME,PARTI COMMUNISTE GUADELOUPEEN,COM,6513,N,,,,,,,
972,MARTINIQUE,1,47848,27740,26652,1088,"57,98%",M,LORDINOT,GUY,RENOUVEAU DE SAINTE MARIE,MAJ,13463,O,M,RENARD,MICHEL,,DVD,13189,N,,,,,,,
972,MARTINIQUE,2,51954,26014,25365,649,"50,07%",M,PETIT,PIERRE,,RPR,12550,N,M,LISE,CLAUDE,PARTI PROGRESSISTE MARTINIQUAIS,MAJ,12815,O,,,,,,,
972,MARTINIQUE,4,69583,33478,32132,1346,"48,11%",M,LOUIS JOSEPH DOGUE,MAURICE,FEDERATION SOCIALISTE MARTINIQUAISE,SOC,18075,O,M,MARAN,JEAN,,UDF,14057,N,,,,,,,
973,GUYANE,2,15142,10294,10090,204,"67,98%",M,BERTRAND,LEON,,DVD,5188,O,M,BARRAT,ETIENNE YVES,PARTI SOCIALISTE GUYANAIS,SOC,4902,N,,,,,,,
974,LA REUNION,1,53753,35712,35084,628,"66,44%",M,LEGROS,AUGUSTE,,DVD,18673,O,M,ANNETTE,GILBERT,PARTI SOCIALISTE,SOC,16411,N,,,,,,,
974,LA REUNION,3,69070,56103,54914,1189,"81,23%",M,THIEN AH KOON,ANDRE,,DVD,30041,O,M,HOARAU,CLAUDE,PARTI COMMUNISTE REUNIONNAIS,COM,24873,N,,,,,,,
974,LA REUNION,4,51859,39587,38494,1093,"76,34%",M,PIHOUEE,MAURICE,,RPR,18042,N,M,HOARAU,ELIE,PARTI COMMUNISTE REUNIONNAIS,COM,20452,O,,,,,,,
974,LA REUNION,5,60043,43431,42161,1270,"72,33%",M,VIRAPOULLE,JEAN PAUL,,UDF,22545,O,M,VERGES,PAUL,PARTI COMMUNISTE REUNIONNAIS,COM,19616,N,,,,,,,
986,WALLIS ET FUTUNA,1,8309,6475,6453,22,"77,93%",M,BRIAL,BENJAMIN,,RPR,3367,O,M,GATA,KAMILO,,DVD,3086,N,,,,,,,
987,POLYNESIE FRANCAISE,1,64080,30871,30018,853,"48,18%",M,FRITCH,EDOUARD,,DVD,10687,N,M,LEONTIEFF,ALEXANDRE,,DVD,19331,O,,,,,,,
987,POLYNESIE FRANCAISE,2,43826,27894,27467,427,"63,65%",M,FLOSSE,GASTON,,DVD,13536,N,M,VERNAUDON,EMILE,,MAJ,13931,O,,,,,,,
