Code département,département,circonscription,Inscrits,Votants,Exprimés,Taux de participation (%),1 Nom candidat,1 Prénom candidat,1 Etiquette liste,1 nuance,1 voix,1 Elu,2 Nom candidat,2 Prénom candidat,2 Etiquette liste,2 nuance,2 voix,2 Elu,3 Nom candidat,3 Prénom candidat,3 Etiquette liste,3 nuance,3 voix,3 Elu
1,AIN,1,74305,49188,46409,"66,2%",BOYON,JACQUES,UPF (UNION RPR-UDF),RPR,27069,O,FROMONT,PIERRE,"AGIR ENSEMBLE, DIVERS GAUCHE",MAJ,19340,N,,,,,,
1,AIN,2,73059,44270,36911,"60,59%",ALCARAZ,JEAN,"FRONT NATIONAL, LES FRANCAIS D'ABORD",FRN,10836,N,GUICHON,LUCIEN,RASSEMBLEMENT POUR LA REPUBLIQUE,RPR,26075,O,,,,,,
1,AIN,4,84654,51744,43936,"61,12%",CLAVEL,ANDRE,"FRONT NATIONAL, LES FRANCAIS D'ABORD",FRN,12309,N,VOISIN,MICHEL,UDF-RPR,UDF,31627,O,,,,,,
2,AISNE,1,70589,50874,47759,"72,07%",DOSIERE,RENE,PARTI SOCIALISTE,SOC,21359,N,LAMANT,JEAN-CLAUDE,RASSEMBLEMENT POUR LA REPUBLIQUE,RPR,26400,O,,,,,,
2,AISNE,2,74522,56363,52426,"75,63%",BAUR,CHARLES,UNION POUR LA DEMOCRATIE FRANCAISE,UDF,29053,O,LE MEUR,DANIEL,PARTI COMMUNISTE FRANCAIS,COM,23373,N,,,,,,
2,AISNE,3,75080,59635,57074,"79,43%",BALLIGAND,JEAN-PIERRE,PARTI SOCIALISTE,SOC,30396,O,CABROL,CHRISTIAN,RASSEMBLEMENT POUR LA REPUBLIQUE,RPR,26678,N,,,,,,
2,AISNE,4,77684,54194,50673,"69,76%",BOUQUILLON,EMMANUELLE,UNION POUR LA DEMOCRATIE FRANCAISE,UDF,25828,O,LEFRANC,BERNARD,PARTI SOCIALISTE,SOC,24845,N,,,,,,
2,AISNE,5,72894,51338,47548,"70,43%",JOURDAIN,DOMINIQUE,PARTI SOCIALISTE,SOC,17592,N,ROSSI,ANDRE,UNION POUR LA DEMOCRATIE FRANCAISE,UDF,29956,O,,,,,,
3,ALLIER,1,58856,42363,39792,"71,98%",COLCOMBET,FRANCOIS,ALLIANCE DES FRANCAIS POUR LE PROGRES,SOC,19602,N,PERISSOL,PIERRE-ANDRE,RASSEMBLEMENT POUR LA REPUBLIQUE,RPR,20190,O,,,,,,
3,ALLIER,2,68856,51290,47970,"74,49%",GOLDBERG,PIERRE,CANDIDAT DE RASSEMBLEMENT DES FORCES DE PROGRES PRESENTE PAR LE PARTI COMMUNISTE FRANCAIS,COM,22532,N,GRAVIER,JEAN,,UDF,25438,O,,,,,,
3,ALLIER,3,71721,55352,52818,"77,18%",COULON,BERNARD,UNION POUR LA FRANCE,UDF,27059,O,LAJOINIE,ANDRE,CANDIDAT DE RASSEMBLEMENT DES FORCES DE PROGRES PRESENTE PAR LE PARTI COMMUNISTE FRANCAIS,COM,25759,N,,,,,,
3,ALLIER,4,64877,44043,40125,"67,89%",CHARASSE,GERARD,ALLIANCE DES FRANCAIS POUR LE PROGRES,RDG,17625,N,MALHURET,CLAUDE,"ANCIEN SECRETAIRE D'ETAT AUX DROITS DE L'HOMME REPRESENTANT DE LA FRANCE A L'ASSEMBLEE DES COMMUNAUTES EUROPEENNES, MAIRE DE VICHY",UDF,22500,O,,,,,,
4,ALPES-DE-HAUTE-PROVENCE,1,49781,36199,32732,"72,72%",MASSOT,FRANCOIS,,SOC,15162,N,RINALDI,PIERRE,UNION POUR LES ALPES-DE-HAUTE-PROVENCE,RPR,17570,O,,,,,,
4,ALPES-DE-HAUTE-PROVENCE,2,51398,33888,25283,"65,93%",D'ORNANO,MIREILLE,"FRONT NATIONAL, LES FRANCAIS D'ABORD",FRN,6988,N,DELMAR,PIERRE,,RPR,18295,O,,,,,,
5,HAUTES-ALPES,1,47940,35938,33601,"74,96%",CHEVALLIER,DANIEL,,SOC,16013,N,MARTINEZ,HENRIETTE,RASSEMBLEMENT POUR LA REPUBLIQUE,RPR,17588,O,,,,,,
6,ALPES-MARITIMES,1,64240,39050,34611,"60,79%",EHRMANN,CHARLES,"CGUPF-UDF,RPR",UDF,21491,O,GOST,JEAN-PIERRE,"FRONT NATIONAL, LES FRANCAIS D'ABORD",FRN,13120,N,,,,,,
6,ALPES-MARITIMES,2,70615,44524,39160,"63,05%",ESTROSI,CHRISTIAN,RPR-UDF,RPR,20197,O,PEYRAT,JACQUES,,FRN,18963,N,,,,,,
6,ALPES-MARITIMES,3,73399,46634,41504,"63,53%",LE PEN,JEAN-MARIE,FRONT NATIONAL,FRN,17458,N,SALLES,RUDY,"UNION POUR LA FRANCE, UDF-RPR",UDF,24046,O,,,,,,
6,ALPES-MARITIMES,4,70513,45968,41071,"65,19%",AUBERT,EMMANUEL,"UNION POUR LA FRANCE RPR,UDF",RPR,17876,O,DE GUBERNATIS,GERARD,FRONT NATIONAL,FRN,9684,N,GUIBAL,JEAN-CLAUDE,GROUPEMENT DES ELUS DE L'UDF,UDF,13511,N
6,ALPES-MARITIMES,5,78457,50815,40907,"64,77%",FRANCO,GASTON,"RPR,UDF",RPR,24093,O,GERBAL,PIERRE,FRONT NATIONAL,FRN,16814,N,,,,,,
6,ALPES-MARITIMES,6,84640,53754,45828,"63,51%",RIPOLL,JEAN-PAUL,FRONT NATIONAL,FRN,15299,N,SAUVAIGO,SUZANNE,UNION POUR LA FRANCE,RPR,30529,O,,,,,,
6,ALPES-MARITIMES,7,83349,53266,46761,"63,91%",CREPIN,ROBERT,FRONT NATIONAL,FRN,16483,N,MERLI,PIERRE,"UDF-RPR, UNION DE L'OPPOSITION NATIONALE",UDF,30278,O,,,,,,
6,ALPES-MARITIMES,8,59901,43081,40074,"71,92%",MOREAU,LOUISE,UDF-UPF,UDF,20525,O,MOUILLOT,MICHEL,DIVERS DROITE,UDF,19549,N,,,,,,
6,ALPES-MARITIMES,9,86473,54079,46230,"62,54%",BACHELET,PIERRE,"RPR,UDF",RPR,32233,O,PAUVERT,PIERRE,FRONT NATIONAL,FRN,13997,N,,,,,,
7,ARDECHE,1,65450,46780,42995,"71,47%",CHAPUIS,ROBERT,,SOC,19533,N,IMBERT,AMEDEE,UDF,UDF,23462,O,,,,,,
7,ARDECHE,2,78331,52183,40236,"66,62%",ARNAUD,HENRI-JEAN,,RPR,23468,O,CHAMBON,DOMINIQUE,GROUPEMENT DES ELUS UDF,UDF,16768,N,,,,,,
7,ARDECHE,3,64384,47024,43568,"73,04%",ALAIZE,JEAN-MARIE,,SOC,19441,N,ROUX,JEAN-MARIE,,RPR,24127,O,,,,,,
8,ARDENNES,1,69492,48651,45283,"70,01%",MAS,ROGER,ASSOCIATION PARTI SOCIALISTE-MOUVEMENT DES RADICAUX DE GAUCHE ET APPARENTES,SOC,19664,N,VUIBERT,MICHEL,GROUPEMENT DES ELUS DE L'UDF,UDF,25619,O,,,,,,
8,ARDENNES,2,63846,42161,39280,"66,04%",ISTACE,GERARD,ASSOCIATION PARTI SOCIALISTE-MOUVEMENT DES RADICAUX DE GAUCHE ET APPARENTES,SOC,19278,N,MATHOT,PHILIPPE,GROUPEMENT DES ELUS DE L'UDF,UDF,20002,O,,,,,,
8,ARDENNES,3,59228,42661,40042,"72,03%",BACHY,JEAN-PAUL,ASSOCIATION PARTI SOCIALISTE-MOUVEMENT DES RADICAUX DE GAUCHE ET APPARENTES,SOC,19080,N,VISSAC,CLAUDE,,DVD,20962,O,,,,,,
9,ARIEGE,1,54746,42171,35444,"77,03%",BONREPAUX,AUGUSTIN,ASSOCIATION PS-MRG ET APPARENTES,SOC,20145,O,GARAUD,HENRI-RENE,"UNION POUR LA FRANCE (RPR, UDF, CNI)",DVD,15299,N,,,,,,
9,ARIEGE,2,54746,42171,39456,"77,03%",MASSAT,RENE,ASSOCIATION PS-MRG ET APPARENTES,SOC,19617,N,TRIGANO,ANDRE,UNION POUR LA FRANCE,DVD,19839,O,,,,,,
10,AUBE,1,53943,35759,29706,"66,29%",MICAUX,PIERRE,UNION POUR LA DEMOCRATIE FRANCAISE,UDF,19851,O,SUBTIL,BRUNO,FRONT NATIONAL,FRN,9855,N,,,,,,
10,AUBE,2,65930,44740,40567,"67,86%",CHERAIN,JEAN-PIERRE,PARTI SOCIALISTE,SOC,17408,N,GALLEY,ROBERT,RASSEMBLEMENT POUR LA REPUBLIQUE,RPR,23159,O,,,,,,
10,AUBE,3,69048,33986,22661,"49,22%",BAROIN,FRANCOIS,RASSEMBLEMENT POUR LA REPUBLIQUE,RPR,22661,O,,,,,,,,,,,,
11,AUDE,1,64340,48158,43735,"74,85%",LARRAT,GERARD,UNION DES REPUBLICAINS ET DES DEMOCRATES,UDF,22460,O,VIDAL,JOSEPH,,SOC,21275,N,,,,,,
11,AUDE,2,88032,65982,59987,"74,95%",BARAILLA,REGIS,,SOC,28416,N,MADALLE,ALAIN,UNION REPUBLICAINE ET LIBERALE,RPR,31571,O,,,,,,
11,AUDE,3,70447,55269,51211,"78,45%",ARATA,DANIEL,,RPR,26424,O,CAMBOLIVE,JACQUES,,SOC,24787,N,,,,,,
12,AVEYRON,1,68983,34372,24590,"49,83%",BRIANE,JEAN,"CDS, INVESTI PAR L'UDF",UDF,24590,O,,,,,,,,,,,,
13,BOUCHES-DU-RHONE,1,60154,33666,29303,"55,97%",BAUMANN,JEAN-PIERRE,FRONT NATIONAL,FRN,8746,N,BLUM,ROLAND,,UDF,20557,O,,,,,,
13,BOUCHES-DU-RHONE,2,61192,35394,31893,"57,84%",MATTEI,JEAN-FRANCOIS,,UDF,23963,O,SAVON,HUBERT,FRONT NATIONAL,FRN,7930,N,,,,,,
13,BOUCHES-DU-RHONE,3,48704,26450,23762,"54,31%",ROATTA,JEAN,,UDF,15844,O,ROUSSEL,JEAN,FRONT NATIONAL,FRN,7918,N,,,,,,
13,BOUCHES-DU-RHONE,4,49043,29025,27437,"59,18%",HERMIER,GUY,,COM,15013,O,ROUSSEL,MARIE-CLAUDE,FRONT NATIONAL,FRN,12424,N,,,,,,
13,BOUCHES-DU-RHONE,5,52893,28485,24898,"53,85%",MUSELIER,RENAUD,,RPR,16762,O,PERDOMO,RONALD,FRONT NATIONAL,FRN,8136,N,,,,,,
13,BOUCHES-DU-RHONE,6,63681,35263,30528,"55,37%",CARAYON,MICHEL,FRONT NATIONAL,FRN,8971,N,TEISSIER,GUY,,UDF,21557,O,,,,,,
13,BOUCHES-DU-RHONE,7,52009,27091,23854,"52,09%",GROS,MAURICE,FRONT NATIONAL,FRN,10714,N,LECCIA,BERNARD,UNION RPR-UDF,RPR,13140,O,,,,,,
13,BOUCHES-DU-RHONE,8,62501,39754,38121,"63,61%",CHEVALIER,PIERRE,UNION RPR-UDF,RPR,13547,N,CLAIRE,YVON,FRONT NATIONAL,FRN,8773,N,MASSE,MARIUS,"PARTI SOCIALISTE, ALLIANCE DES FRANCAIS POUR LE PROGRES",SOC,15801,O
13,BOUCHES-DU-RHONE,9,76461,56101,52848,"73,37%",LAFOND,JEAN-PIERRE,,UDF,24961,N,TARDITO,JEAN,,COM,27887,O,,,,,,
13,BOUCHES-DU-RHONE,10,96565,70271,66166,"72,77%",BARILLER,DAMIEN,FRONT NATIONAL,FRN,9571,N,FABRE-AUBRESPY,HERVE,,RPR,27162,N,TAPIE,BERNARD,ALLIANCE DES FRANCAIS POUR LE PROGRES,RDG,29433,O
13,BOUCHES-DU-RHONE,11,77910,51479,43053,"66,07%",ADAM,PHILIPPE,FRONT NATIONAL,FRN,14442,N,KERT,CHRISTIAN,GROUPEMENT DES ELUS DE L'UDF,UDF,28611,O,,,,,,
13,BOUCHES-DU-RHONE,12,87454,63079,57966,"72,13%",D'ATTILIO,HENRI,"ASSOCIATION PARTI SOCIALISTE, MOUVEMENT POUR LES RADICAUX DE GAUCHE ET APPARENTES",SOC,29255,O,MEGRET,BRUNO,FRONT NATIONAL,FRN,28711,N,,,,,,
13,BOUCHES-DU-RHONE,13,73030,53427,50197,"73,16%",DARRASON,OLIVIER,,UDF,25537,O,LOMBARD,PAUL,,COM,24660,N,,,,,,
13,BOUCHES-DU-RHONE,14,82426,57662,53168,"69,96%",MEDVEDOWSKY,ALEXANDRE,"PARTI SOCIALISTE, ALLIANCE DES FRANCAIS POUR LE PROGRES",SOC,22167,N,RAIMOND,JEAN-BERNARD,,RPR,31001,O,,,,,,
13,BOUCHES-DU-RHONE,15,77129,52401,41864,"67,94%",MESLANS,BERNARD,FRONT NATIONAL,FRN,13261,N,VACHET,LEON,,RPR,28603,O,,,,,,
13,BOUCHES-DU-RHONE,16,75331,53253,48126,"70,69%",AILLAUD,THERESE,,DVD,25022,O,VAUZELLE,MICHEL,"PARTI SOCIALISTE, ALLIANCE DES FRANCAIS POUR LE PROGRES",SOC,23104,N,,,,,,
14,CALVADOS,1,66221,42258,39280,"63,81%",MEVEL,YVONNICK,"PARTI SOCIALISTE, ALLIANCE DES FRANCAIS POUR LE PROGRES",SOC,16095,N,SAINT-ELLIER,FRANCIS,,UDF,23185,O,,,,,,
14,CALVADOS,2,62910,41554,38481,"66,05%",LESSARD,YVES,,RPR,17264,N,MEXANDEAU,LOUIS,"PARTI SOCIALISTE, ALLIANCE DES FRANCAIS POUR LE PROGRES",SOC,21217,O,,,,,,
14,CALVADOS,3,69035,48945,45600,"70,9%",FANTON,ANDRE,,RPR,26089,O,ROUDY,YVETTE,PARTI SOCIALISTE,SOC,19511,N,,,,,,
14,CALVADOS,4,69225,43417,36625,"62,72%",AMELINE,NICOLE,,UDF,28070,O,DUPIN,GUY,"FRONT NATIONAL, LES FRANCAIS D'ABORD ",FRN,8555,N,,,,,,
14,CALVADOS,6,77501,57644,54589,"74,38%",GARREC,RENE,,UDF,30161,O,STIRN,OLIVIER,"PARTI SOCIALISTE, ALLIANCE DES FRANCAIS POUR LE PROGRES",SOC,24428,N,,,,,,
15,CANTAL,1,63540,48636,45780,"76,54%",COUSSAIN,YVES,CANDIDAT DE L'UNION POUR LA FRANCE,UDF,27514,O,SOUCHON,RENE,PARTI SOCIALISTE,SOC,18266,O,,,,,,
16,CHARENTE,1,61404,40230,37081,"65,52%",CHAVANES,GEORGES,,UDF,22180,O,DESBORDES,BERNARD,,SOC,14901,N,,,,,,
16,CHARENTE,2,60675,39391,36489,"64,92%",FAYEMENDIE,J.-CLAUDE,,SOC,13902,N,HOUSSIN,P.-REMY,,RPR,22587,O,,,,,,
16,CHARENTE,3,70658,52288,48496,74%,DE RICHEMOND,HENRI,,RPR,24497,O,LAMBERT,JEROME,,SOC,23999,N,,,,,,
16,CHARENTE,4,60611,42186,38553,"69,6%",BEAUCHAUD,J.-CLAUDE,,SOC,19716,O,VERGES,BERNARD,,RPR,18837,N,,,,,,
17,CHARENTE-MARITIME,1,78295,55928,53370,"71,43%",CREPEAU,MICHEL,,RDG,25252,N,LEONARD ,JEAN-LOUIS,,RPR,28118,O,,,,,,
17,CHARENTE-MARITIME,2,73481,49151,45970,"66,89%",BRANGER,JEAN-GUY,,UDF,26521,O,FOUNTAINE,JEAN-FRANCOIS,,MAJ,19449,N,,,,,,
17,CHARENTE-MARITIME,3,76152,53767,50814,"70,6%",BEIX,ROLAND,,SOC,23605,N,DE ROUX,XAVIER,,UDF,27209,O,,,,,,
17,CHARENTE-MARITIME,4,82629,53394,49566,"64,62%",BUSSEREAU,DOMINIQUE,L'UNION POUR LA FRANCE (UDF-RPR),UDF,30132,O,DAVIAUD,PIERRE-JEAN,,MAJ,19434,N,,,,,,
17,CHARENTE-MARITIME,5,81094,52846,48246,"65,17%",DE LIPKOWSKI,JEAN-NOEL,,RPR,31539,O,DUBOIS,HENRI-GEORGES,,SOC,16707,O,,,,,,
18,CHER,1,74058,50416,46908,"68,08%",CAMUZAT,MAXIME,PARTI COMMUNISTE FRANCAIS,COM,16582,N,DENIAU,JEAN-FRANCOIS,UNION DE L'OPPOSITION UDF-RPR,UDF,30326,O,,,,,,
18,CHER,2,68308,47901,45031,"70,13%",RIMBAULT,JACQUES,PARTI COMMUNISTE FRANCAIS,COM,21589,N,THOMAS-RICHARD,FRANCK,GROUPEMENT DES ELUS DE L'UDF,UDF,23442,O,,,,,,
18,CHER,3,84776,60191,56026,71%,CALMAT,ALAIN,"ASSOCIATION PARTI SOCIALISTE, MOUVEMENT DES RADICAUX DE GAUCHE ET APPARENTES",MAJ,25131,N,LEPELTIER,SERGE,RASSEMBLEMENT POUR LA REPUBLIQUE,RPR,30895,O,,,,,,
19,CORREZE,1,65998,53914,50672,"81,69%",AUBERT,RAYMOND-MAX,RASSEMBLEMENT POUR LA REPUBLIQUE,RPR,27009,O,HOLLANDE,FRANCOIS,PARTI SOCIALISTE,SOC,23663,N,,,,,,
19,CORREZE,2,63209,47899,44106,"75,78%",MURAT,BERNARD,RASSEMBLEMENT POUR LA REPUBLIQUE,RPR,24895,O,NAUCHE,PHILIPPE,PARTI SOCIALISTE,SOC,19211,N,,,,,,
21,COTE-D'OR,2,56493,36733,34125,"65,02%",DE BROISSIA,LOUIS,,RPR,20955,O,POPARD,COLETTE,,SOC,13170,N,,,,,,
21,COTE-D'OR,3,59970,40636,38544,"67,76%",BRENOT ,LUCIEN,,DVD,19313,O,CARRAZ,ROLAND,,SOC,19231,N,,,,,,
21,COTE-D'OR,4,68159,46323,42002,"67,96%",HORY,JEAN-FRANCOIS,PRESIDENT NATIONAL DU MOUVEMENT DES RADICAUX DE GAUCHE,RDG,15490,N,SAUVADET,FRANCOIS,,UDF,26512,O,,,,,,
21,COTE-D'OR,5,74184,51904,49108,"69,97%",PATRIAT ,FRANCOIS,,SOC,22123,N,SUGUENOT,ALAIN,,RPR,26985,O,,,,,,
22,COTES-D'ARMOR,1,81414,59135,55128,"72,63%",DANIEL,CHRISTIAN,UNION RPR-UDF,RPR,29585,O,DOLLO,YVES,CANDIDAT DES FORCES DE PROGRES PRESENTE PAR LE PARTI SOCIALISTE,SOC,25543,N,,,,,,
22,COTES-D'ARMOR,2,81893,64921,62204,"79,28%",BENOIT,RENE,GROUPEMENT DES ELUS DE L'UDF,UDF,29062,N,JOSSELIN ,CHARLES,"ASSOCIATION PARTI SOCIALISTE, MOUVEMENT DES RADICAUX DE GAUCHE ET APPARENTES",SOC,33142,O,,,,,,
22,COTES-D'ARMOR,3,81993,64665,62109,"78,87%",CHOUAT,DIDIER,CANDIDAT DES FORCES DE PROGRES PRESENTE PAR LE PARTI SOCIALISTE,SOC,30226,N,LE FUR,MARC,,RPR,31883,O,,,,,,
22,COTES-D'ARMOR,4,79927,74251,60976,"92,9%",LE VERGE,CHRISTIAN,CANDIDAT DE RASSEMBLEMENT DES FORCES DE GAUCHE PRESENTE PAR LE PARTI COMMUNISTE FRANCAIS,COM,30377,N,PENNEC,DANIEL,APPARENTE RPR,DVD,30599,O,,,,,,
22,COTES-D'ARMOR,5,92896,69108,65885,"74,39%",BONNOT ,YVON,,UDF,34640,O,TREMEL,PIERRE-YVON,CANDIDAT DES FORCES DE PROGRES PRESENTE PAR LE PARTI SOCIALISTE,SOC,31245,N,,,,,,
23,CREUSE,1,53818,38788,36296,"72,07%",DE FROMENT,BERNARD,RASSEMBLEMENT POUR LA REPUBLIQUE,RPR,19402,O,LEJEUNE,ANDRE,"ASSOCIATION PARTI SOCIALISTE, MOUVEMENT DES RADICAUX DE GAUCHE ET APPARENTES",SOC,16894,N,,,,,,
23,CREUSE,2,53944,40539,38115,"75,15%",AUCLAIR,JEAN,,DVD,23232,O,RIMAREIX,GASTON,"ASSOCIATION PARTI SOCIALISTE, MOUVEMENT DES RADICAUX DE GAUCHE ET APPARENTES",SOC,14883,N,,,,,,
24,DORDOGNE,1,73604,55925,51057,"75,98%",BIOULAC,BERNARD,PARTI SOCIALISTE,SOC,22454,N,ROUSSEL,FRANCOIS,RASSEMBLEMENT POUR LA REPUBLIQUE,RPR,28603,O,,,,,,
24,DORDOGNE,2,75993,51674,36813,68%,GARRIGUE,DANIEL,RASSEMBLEMENT POUR LA REPUBLIQUE,RPR,20215,O,TRAISSAC,KATHERINE,UNION POUR LA DEMOCRATIE FRANCAISE,UDF,16598,N,,,,,,
24,DORDOGNE,3,73304,59462,56013,"81,12%",DE SAINT SERNIN,FREDERIC,RASSEMBLEMENT POUR LA REPUBLIQUE,RPR,28268,O,DUTIN ,RENE,PARTI COMMUNISTE FRANCAIS,COM,27745,N,,,,,,
24,DORDOGNE,4,80348,64523,60047,"80,3%",DE PERETTI,JEAN-JACQUES,RASSEMBLEMENT POUR LA REPUBLIQUE,RPR,33033,O,DUMAS,ROLAND,PARTI SOCIALISTE,SOC,27014,N,,,,,,
25,DOUBS,1,58969,44366,41415,"75,24%",GIRARD,CLAUDE,RASSEMBLEMENT POUR LA REPUBLIQUE,RPR,22515,O,SCHWINT,ROBERT,"PARTI SOCIALISTE, MOUVEMENT DES RADICAUX DE GAUCHE ET APPARENTES",SOC,18901,N,,,,,,
25,DOUBS,2,65216,47427,44086,"72,72%",FOUSSERET ,JEAN-LOUIS,"PARTI SOCIALISTE, MOUVEMENT DES RADICAUX DE GAUCHE ET APPARENTES",SOC,18912,N,JACOUEMIN,MICHEL,GROUPEMENT DES ELUS DE L'UDF,UDF,25174,O,,,,,,
25,DOUBS,3,62861,45287,41827,"72,04%",BECHE,GUY,"PARTI SOCIALISTE, MOUVEMENT DES RADICAUX DE GAUCHE ET APPARENTES",SOC,18662,N,ROUSSEAU,MONIQUE,RASSEMBLEMENT POUR LA REPUBLIQUE,RPR,23165,O,,,,,,
25,DOUBS,4,64763,45134,41782,"69,69%",GENEY,JEAN,RASSEMBLEMENT POUR LA REPUBLIQUE,RPR,22310,O,MOSCOVICI ,PIERRE,"PARTI SOCIALISTE, MOUVEMENT DES RADICAUX DE GAUCHE ET APPARENTES.",SOC,19472,N,,,,,,
26,DROME,1,65189,45291,42362,"69,48%",LABAUNE,PATRICK,RASSEMBLEMENT POUR LA REPUBLIQUE,RPR,24747,O,LERON,ROGER,PARTI SOCIALISTE,SOC,17615,N,,,,,,
26,DROME,2,66873,47451,43135,"70,96%",CORNILLET,THIERRY,UNION POUR LA DEMOCRATIE FRANCAISE,UDF,22643,O,FORT,ALAIN,PARTI SOCIALISTE,SOC,20492,N,,,,,,
26,DROME,3,81388,59071,54843,"72,58%",MARITON,HERVE,UNION POUR LA DEMOCRATIE FRANCAISE,UDF,30155,O,MICHEL,HENRI,PARTI SOCIALISTE,SOC,24688,N,,,,,,
26,DROME,4,72891,48803,44707,"66,95%",BERTHOLET,HENRI,PARTI SOCIALISTE,SOC,18396,N,DURAND,GEORGES,UNION POUR LA DEMOCRATIE FRANCAISE,UDF,26311,O,,,,,,
27,EURE,1,72046,47443,39747,"65,85%",DEBRE ,JEAN-LOUIS,,RPR,28190,O,LUSSAN,JEAN-PIERRE,"FRONT NATIONAL, LES FRANCAIS D'ABORD",FRN,11557,N,,,,,,
27,EURE,2,64515,32898,20036,"50,99%",NICOLAS ,CATHERINE,,RPR,20036,O,,,,,,,,,,,,
27,EURE,3,68996,47838,44655,"69,33%",COUREL,FRANCIS,,MAJ,15685,N,PONIATOWSKI,LADISLAS,,UDF,28970,O,,,,,,
27,EURE,4,69258,50124,46518,"72,37%",LEROY,BERNARD,,UDF,26842,O,LONCLE,FRANCOIS,,SOC,19676,N,,,,,,
27,EURE,5,73584,48572,39017,"66,01%",ASPHE,JEAN-CLAUDE,,RPR,26163,O,DUGRES ,GUY,"FRONT NATIONAL, LES FRANCAIS D'ABORD",FRN,12854,N,,,,,,
28,EURE-ET-LOIR,1,72521,52097,49075,"71,84%",CORNU,GERARD,RASSEMBLEMENT POUR LA REPUBLIQUE,RPR,26668,O,LEMOINE,GEORGES,"ASSOCIATION PARTI SOCIALISTE, MOUVEMENT DES RADICAUX DE GAUCHE ET APPARENTES",SOC,22407,N,,,,,,
28,EURE-ET-LOIR,2,62999,43937,39764,"69,74%",HAMEL,GERARD,,RPR,19935,O,STIRBOIS,MARIE-FRANCE,FRONT NATIONAL,FRN,19829,N,,,,,,
28,EURE-ET-LOIR,3,67519,47682,44228,"70,62%",GALLET,BERTRAND,"ASSOCIATION PARTI SOCIALISTE, MOUVEMENT DES RADICAUX DE GAUCHE ET APPARENTES",SOC,18716,N,HOGUET,PATRICK,GROUPEMENT DES ELUS DE L'UDF,UDF,25512,O,,,,,,
28,EURE-ET-LOIR,4,68786,44254,35704,"64,34%",DOUSSET,MAURICE,GROUPEMENT DES ELUS DE L'UDF,UDF,23949,O,MAISSEN ,JEAN-MICHEL,FRONT NATIONAL,FRN,11735,N,,,,,,
29,FINISTERE,1,72592,54430,50943,"74,98%",ANGOT,ANDRE,RASSEMBLEMENT POUR LA REPUBLIQUE,RPR,28225,O,RAINERO,PIERO,PARTI COMMUNISTE FRANCAIS,COM,22718,N,,,,,,
29,FINISTERE,2,70899,47211,44937,"66,59%",COUSIN,BERTRAND,RASSEMBLEMENT POUR LA REPUBLIQUE,RPR,23807,O,GOURMELON,JOSEPH,PARTI SOCIALISTE,SOC,21130,N,,,,,,
29,FINISTERE,3,83313,55502,52039,"66,62%",GOASDUFF,JEAN-LOUIS,RASSEMBLEMENT POUR LA REPUBLIQUE,RPR,29269,O,GUILLANDRE,FRANCOIS,PARTI SOCIALISTE,SOC,22770,N,,,,,,
29,FINISTERE,4,77634,56444,53897,"72,71%",CAZIN D'HONNINCTUN ,ARNAUD,UNION POUR LA DEMOCRATIE FRANCAISE,UDF,28555,O,LE BRANCHU,MARYLISE,PARTI SOCIALISTE,SOC,25342,N,,,,,,
29,FINISTERE,6,84716,62781,60115,"74,11%",COZAN,JEAN-YVES,UNION POUR LA DEMOCRATIE FRANCAISE,UDF,31983,O,YAMGNANE,KOFI,PARTI SOCIALISTE,SOC,28132,N,,,,,,
29,FINISTERE,8,75259,56191,53587,"74,66%",LE PENSEC,LOUIS,PARTI SOCIALISTE,SOC,27084,O,LOMENECH ,JEAN,DIVERS DROITE,DVD,26503,N,,,,,,
2A,CORSE-DU-SUD,1,35335,19162,16939,"54,23%",ALFONSI ,NICOLAS,,DVD,5526,N,ROSSI,JOSE,,UDF,11413,O,,,,,,
2A,CORSE-DU-SUD,2,39359,22363,20357,"56,82%",DE ROCCA SERRA,DENIS,,DVD,6864,N,DE ROCCA SERRA,JEAN-PAUL,,RPR,13493,O,,,,,,
2B,HAUTE-CORSE,1,40446,31184,29828,"77,1%",BAGGIONI,JEAN,,UDF,14464,N,ZUCCARELLI,EMILE,MOUVEMENT DES RADICAUX DE GAUCHE,RDG,15364,O,,,,,,
2B,HAUTE-CORSE,2,50472,27863,25120,"55,2%",PASQUINI,PIERRE,RASSEMBLEMENT POUR LA REPUBLIQUE,RPR,12950,O,PATRIARCHE,PAUL,,DVD,12170,N,,,,,,
30,GARD,1,72788,46878,38416,"64,4%",BOUSQUET,JEAN,,UDF,24091,O,DE SAINT AFFRIQUE,LORRAIN,FRONT NATIONAL,FRN,14325,N,,,,,,
30,GARD,2,89292,59032,47620,"66,11%",ANDRE,JEAN-MARIE,ETIQUETTE UDF,UDF,29208,O,DE CHAMBRUN,CHARLES,FRONT NATIONAL,FRN,18412,N,,,,,,
30,GARD,3,90396,67251,61515,"74,4%",BAUMET,GILBERT,,MAJ,33620,O,SAVONNE,ANDRE,,RPR,27895,N,,,,,,
30,GARD,4,77571,57449,52763,"74,06%",MILLET,GILBERT,,COM,25047,N,ROUSTAN,MAX,,,27716,O,,,,,,
30,GARD,5,77175,55623,49880,"72,07%",DANILET,ALAIN,,RPR,24994,O,JOURNET,ALAIN,,SOC,24886,N,,,,,,
31,HAUTE-GARONNE,2,87240,62620,58187,"71,78%",BAPT,GERARD,PARTI SOCIALISTE,SOC,27639,N,HUGUENARD,ROBERT,,RPR,30548,O,,,,,,
31,HAUTE-GARONNE,3,70979,50679,47201,"71,4%",BENETEAU,ALAIN,PARTI SOCIALISTE,SOC,21789,N,DIDIER,SERGE,,UDF,25412,O,,,,,,
31,HAUTE-GARONNE,4,50285,30615,28684,"60,88%",DIEBOLD,JEAN,,RPR,16772,O,LOIDI,ROBERT,PARTI SOCIALISTE,SOC,11912,N,,,,,,
31,HAUTE-GARONNE,5,100084,74358,68529,"74,3%",CARNEIRO,GREGOIRE,,RPR,35210,O,ROGER-MACHART,JACQUES,PARTI SOCIALISTE,SOC,33319,N,,,,,,
31,HAUTE-GARONNE,6,88849,64195,59252,"72,25%",DE VEYRINAS,FRANCOISE,,UDF,32783,O,MIGNON,HELENE,PARTI SOCIALISTE,SOC,26469,N,,,,,,
31,HAUTE-GARONNE,7,93007,72596,67702,"78,05%",BASTIANI,JEAN-PIERRE,,UDF,35315,O,JOSPIN,LIONEL,PARTI SOCIALISTE,SOC,32387,N,,,,,,
31,HAUTE-GARONNE,8,78696,59462,56104,"75,56%",IDIART,JEAN-LOUIS,PARTI SOCIALISTE,SOC,28299,O,ROULEAU,ALAIN,,RPR,27805,N,,,,,,
32,GERS,1,71471,52865,48893,"73,97%",DESBONS,CLAUDE,,SOC,22930,N,RISPAT,YVES,INVESTI PAR LE RPR,RPR,25963,O,,,,,,
32,GERS,2,66027,49409,45464,"74,83%",DE MONTESQUIOU,AYMERI,UDF,UDF,27977,O,JOSEPH,JEAN-PIERRE,L'ALLIANCE DES FRANCAIS POUR LE PROGRES ,SOC,17487,N,,,,,,
33,GIRONDE,1,70325,45224,42237,"64,31%",DUSSEAU,JOELLE,"ASSOCIATION PARTI SOCIALISTE, MOUVEMENT DES RADICAUX DE GAUCHE ET APPARENTES",SOC,15706,N,VALLEIX,JEAN,RASSEMBLEMENT POUR LA REPUBLIQUE,RPR,26531,O,,,,,,
33,GIRONDE,2,52059,29378,24430,"56,43%",CHABAN-DELMAS,JACQUES,RASSEMBLEMENT POUR LA REPUBLIQUE,RPR,18346,O,SIRGUE,PIERRE,FRONT NATIONAL,FRN,6084,N,,,,,,
33,GIRONDE,3,64089,42975,38702,"67,06%",BARANDE,CLAUDE,"ASSOCIATION PARTI SOCIALISTE, MOUVEMENT DES RADICAUX DE GAUCHE ET APPARENTES",SOC,18825,N,CASTAGNERA,GERARD,RASSEMBLEMENT POUR LA REPUBLIQUE,RPR,19877,O,,,,,,
33,GIRONDE,4,70418,47767,43942,"67,83%",FAVROUL,JEAN-PIERRE,RASSEMBLEMENT POUR LA REPUBLIQUE,RPR,18983,N,GARMENDIA,PIERRE,"ASSOCIATION PARTI SOCIALISTE, MOUVEMENT DES RADICAUX DE GAUCHE ET APPARENTES",SOC,24959,O,,,,,,
33,GIRONDE,5,77490,54973,50820,"70,94%",BRANA,PIERRE,"ASSOCIATION PARTI SOCIALISTE, MOUVEMENT DES RADICAUX DE GAUCHE ET APPARENTES",SOC,22380,N,PINTAT,XAVIER,GROUPEMENT DES ELUS DE L'UDF,UDF,28440,O,,,,,,
33,GIRONDE,6,70998,52245,49296,"73,59%",FAVRE,PIERRE,GROUPEMENT DES ELUS DE L'UDF,UDF,24663,O,SAINTE-MARIE,MICHEL,"ASSOCIATION PARTI SOCIALISTE, MOUVEMENT DES RADICAUX DE GAUCHE ET APPARENTES",SOC,24633,N,,,,,,
33,GIRONDE,7,80596,57524,53826,"71,37%",DUCOUT,PIERRE,"ASSOCIATION PARTI SOCIALISTE, MOUVEMENT DES RADICAUX DE GAUCHE ET APPARENTES",SOC,28767,O,LETAMENDIA,PIERRE,GROUPEMENT DES ELUS DE L'UDF,UDF,25059,N,,,,,,
33,GIRONDE,8,88967,62195,57432,"69,91%",ACOT-MIRANDE,JEAN-FRANCOIS,"ASSOCIATION PARTI SOCIALISTE, MOUVEMENT DES RADICAUX DE GAUCHE ET APPARENTES",SOC,23062,N,CAZALET,ROBERT,GROUPEMENT DES ELUS DE L'UDF,UDF,34370,O,,,,,,
33,GIRONDE,9,86631,63140,58686,"72,88%",CASTAGNET,BERNARD,"ASSOCIATION PARTI SOCIALISTE, MOUVEMENT DES RADICAUX DE GAUCHE ET APPARENTES",SOC,27871,N,DUBOURG,PHILIPPE,RASSEMBLEMENT POUR LA REPUBLIQUE,RPR,30815,O,,,,,,
33,GIRONDE,10,72321,54088,50890,"74,79%",BIREAU,JEAN-CLAUDE,RASSEMBLEMENT POUR LA REPUBLIQUE,RPR,27842,O,MITTERRAND,GILBERT,"ASSOCIATION PARTI SOCIALISTE, MOUVEMENT DES RADICAUX DE GAUCHE ET APPARENTES",SOC,23048,N,,,,,,
33,GIRONDE,11,71094,53030,49829,"74,59%",MADRELLE,BERNARD,"ASSOCIATION PARTI SOCIALISTE, MOUVEMENT DES RADICAUX DE GAUCHE ET APPARENTES",SOC,23755,N,PICOTIN,DANIEL,GROUPEMENT DES ELUS DE L'UDF,UDF,26074,O,,,,,,
34,HERAULT,1,60591,36555,29444,"60,33%",DIMEGLIO,WILLY,,UDF,20819,O,JAMET,ALAIN,"FRONT NATIONAL, LES FRANCAIS D'ABORD",FRN,8625,N,,,,,,
34,HERAULT,2,54725,36558,33720,"66,8%",LAMARQUE,JEAN-LOUIS,,MAJ,15905,N,SERROU,BERNARD,,RPR,17815,O,,,,,,
34,HERAULT,3,91120,64558,59085,"70,85%",COUVEINHES,RENE,,RPR,35120,O,VALES,JEAN,,SOC,23965,N,,,,,,
34,HERAULT,4,98850,73873,67913,"74,73%",BOUSQUET,MAURICE,,RPR,33175,N,SAUMADE,GERARD,,SOC,34738,O,,,,,,
34,HERAULT,5,82133,60414,54868,"73,56%",NAYRAL,BERNARD,,SOC,27059,N,ROQUES,MARCEL,,UDF,27809,O,,,,,,
34,HERAULT,6,76266,46750,37051,"61,3%",COUDERC,RAYMOND,,UDF,21128,O,CUGNENC,PAUL-HENRI,,RPR,15923,N,,,,,,
34,HERAULT,7,88892,65233,60410,"73,38%",LIBERTI,FRANCOIS,,COM,28429,N,MARCHAND,YVES,UDF,UDF,31981,O,,,,,,
35,ILLE-ET-VILAINE,1,69504,44389,41827,"63,87%",BOUCHERON,JEAN-MICHEL,PARTI SOCIALISTE,SOC,22131,O,DAGORN,JEAN-PIERRE,GROUPEMENT DES ELUS DE L'UDF,UDF,19696,N,,,,,,
35,ILLE-ET-VILAINE,2,81217,57649,54184,"70,98%",HERVE,EDMOND,PARTI SOCIALISTE,SOC,24437,N,JACOB,YVON,APPARENTE RPR,RPR,29747,O,,,,,,
35,ILLE-ET-VILAINE,3,76172,50386,47448,"66,15%",FREVILLE,YVES,GROUPEMENT DES ELUS DE L'UDF,UDF,28492,O,ROGEMONT,MARCEL,PARTI SOCIALISTE,SOC,18956,N,,,,,,
35,ILLE-ET-VILAINE,6,70219,49741,46249,"70,84%",BOISSEAU ,M.-THERESE,UDF (CDS),UDF,27471,O,FEUVRIER,LOUIS,MOUVEMENT DES REFORMATEURS,MAJ,18778,N,,,,,,
35,ILLE-ET-VILAINE,7,87405,58183,53820,"66,57%",COUANAU,RENE,UDF (CDS),UDF,35027,O,THOMAS,ISABELLE,PARTI SOCIALISTE,SOC,18793,N,,,,,,
36,INDRE,1,55012,40323,37382,"73,3%",BLONDEAU,MICHEL,GROUPEMENT DES ELUS DE L'UDF,UDF,22091,O,GATEAUD,JEAN-YVES,"ASSOCIATION DU PARTI SOCIALISTE, MOUVEMENT DES RADICAUX DE GAUCHE ET APPARENTES",SOC,15291,N,,,,,,
36,INDRE,2,65541,50282,47415,"76,72%",FORISSIER,NICOLAS,GROUPEMENT DES ELUS DE L'UDF,UDF,25230,O,LAIGNEL,ANDRE,"ASSOCIATION DU PARTI SOCIALISTE, MOUVEMENT DES RADICAUX DE GAUCHE ET APPARENTES",SOC,22185,N,,,,,,
36,INDRE,3,60292,45551,42640,"75,55%",CHABOT,RENE,RPR,RPR,22737,O,CHANTEGUET,JEAN-PAUL,"ASSOCIATION DU PARTI SOCIALISTE, MOUVEMENT DES RADICAUX DE GAUCHE ET APPARENTES",SOC,19903,N,,,,,,
37,INDRE-ET-LOIRE,1,53603,32832,30367,"61,25%",GERMAIN,JEAN,,SOC,12017,N,ROYER,JEAN,,DVD,18350,O,,,,,,
37,INDRE-ET-LOIRE,2,76036,52846,48561,"69,5%",DEBRE,BERNARD,,RPR,28876,O,FILLEUL,JEAN-JACQUES,"ALLIANCE DES FRANCAIS POUR LE PROGRES, PARTI SOCIALISTE",SOC,19685,N,,,,,,
37,INDRE-ET-LOIRE,3,83646,51807,38298,"61,94%",BAESKENS,JEAN-FRANCE,,RPR,16813,N,DESCAMPS,JEAN-JACQUES,,UDF,21485,O,,,,,,
37,INDRE-ET-LOIRE,4,78528,54169,50444,"68,98%",NOVELLI,HERVE,,UDF,27980,O,PROVEUX,JEAN,,SOC,22464,N,,,,,,
37,INDRE-ET-LOIRE,5,68711,46784,42763,"68,09%",BRIAND,PHILIPPE,,RPR,24815,O,TESTU,JEAN-MICHEL,,SOC,17948,N,,,,,,
38,ISERE,1,74702,49029,45932,"65,63%",CARIGNON,ALAIN,RASSEMBLEMENT POUR LA REPUBLIQUE,RPR,26660,O,DULAC,GERALD,MAJORITE PRESIDENTIELLE,MAJ,19272,N,,,,,,
38,ISERE,2,64618,43225,40413,"66,89%",BIESSY,GILBERT,PARTI COMMUNISTE,COM,22788,O,CHALIER,LESLIE,UNION POUR LA DEMOCRATIE FRANCAISE,UDF,17625,N,,,,,,
38,ISERE,3,54743,35118,32872,"64,15%",DESTOT,MICHEL,PARTI SOCIALISTE,SOC,17995,O,SAGNARD,CLAUDE,RASSEMBLEMENT POUR LA REPUBLIQUE,RPR,14877,N,,,,,,
38,ISERE,4,71799,50291,47568,"70,04%",CUPILLARD,JEAN-GUY,RASSEMBLEMENT POUR LA REPUBLIQUE,RPR,22618,N,MIGAUD,DIDIER,PARTI SOCIALISTE,SOC,24950,O,,,,,,
38,ISERE,5,71578,49653,46450,"69,37%",AVICE,EDWIGE,PARTI SOCIALISTE,SOC,19874,N,LANGENIEUX-VILLARD,PHILIPPE,RASSEMBLEMENT POUR LA REPUBLIQUE,RPR,26576,O,,,,,,
38,ISERE,6,81320,50240,42563,"61,78%",MOYNE-BRESSAND,ALAIN,UNION POUR LA DEMOCRATIE FRANCAISE,UDF,30083,O,VELLIEUX,CHRISTIAN,FRONT NATIONAL,FRN,12480,N,,,,,,
38,ISERE,7,77074,48825,41229,"63,35%",BRUNOT,ERIC,FRONT NATIONAL,FRN,10223,N,COLOMBIER,GEORGES,UNION POUR LA DEMOCRATIE FRANCAISE,UDF,31006,O,,,,,,
38,ISERE,8,84815,60706,56602,"71,57%",MERMAZ,LOUIS,PARTI SOCIALISTE,SOC,23942,N,SAUGEY,BERNARD,UNION POUR LA DEMOCRATIE FRANCAISE,UDF,32660,O,,,,,,
38,ISERE,9,72682,50513,46493,"69,5%",HANNOUN,MICHEL,RASSEMBLEMENT POUR LA REPUBLIQUE,RPR,25935,O,VALLINI,ANDRE,PARTI SOCIALISTE,SOC,20558,N,,,,,,
39,JURA,1,61196,43653,40527,"71,33%",BRUNE,ALAIN,PARTI SOCIALISTE,SOC,17203,N,PELISSARD,JACQUES,RPR-UDF,DIV,23324,O,,,,,,
39,JURA,2,50884,24941,15264,"49,02%",CHARROPPIN,JEAN,,RPR,15264,O,,,,,,,,,,,,
39,JURA,3,64016,47390,43545,"74,03%",BARBIER,GILBERT,,UDF,23457,O,VOYNET,DOMINIQUE,ENTENTE DES ECOLOGISTES LES VERTS GENERATION ECOLOGIE,VEC,20088,N,,,,,,
40,LANDES,1,79345,59921,56589,"75,52%",LAUGA,LOUIS,RASSEMBLEMENT POUR LA REPUBLIQUE,RPR,29573,O,VIDALIES,ALAIN,PARTI SOCIALISTE,SOC,27016,N,,,,,,
40,LANDES,2,84505,62398,57989,"73,84%",DUFAU,JEAN-PIERRE,PARTI SOCIALISTE,SOC,27690,N,LALANNE,HENRI,UNION POUR LA DEMOCRATIE FRANCAISE,UDF,30299,O,,,,,,
40,LANDES,3,77493,60973,57592,"78,68%",DE GUENIN,JACQUES,UNION POUR LA DEMOCRATIE FRANCAISE,UDF,26413,N,EMMANUELLI,HENRI,PARTI SOCIALISTE,SOC,31179,O,,,,,,
41,LOIR-ET-CHER,1,82012,63005,59881,"76,82%",GOURAULT,JACQUELINE,,UDF,29091,N,LANG,JACK,,SOC,30790,O,,,,,,
41,LOIR-ET-CHER,2,73646,54769,51228,"74,37%",LORGEOUX,JEANNY,,SOC,21616,N,MARTIN LALANDE,PATRICE,,RPR,29612,O,,,,,,
41,LOIR-ET-CHER,3,68046,49099,44890,"72,16%",CHANET,DANIEL,,SOC,18086,N,DESANLIS,JEAN,,UDF,26804,O,,,,,,
42,LOIRE,1,69535,39266,32066,"56,47%",PHILIBERT,JEAN-PIERRE,GROUPEMENT DES ELUS DE L'UDF,UDF,21773,O,TOURNAIRE,GERARD,FRONT NATIONAL,FRN,10293,N,,,,,,
42,LOIRE,2,58143,31587,25289,"54,33%",CABAL,CHRISTIAN,RASSEMBLEMENT POUR LA REPUBLIQUE,RPR,17785,O,DESPERT,GUY,FRONT NATIONAL,FRN,7504,N,,,,,,
42,LOIRE,3,71596,46400,38437,"64,81%",GRANGIS,CHRISTIAN,FRONT NATIONAL,FRN,10726,N,ROCHEBLOINE,FRANCOIS,GROUPEMENT DES ELUS DE L'UDF,UDF,27711,O,,,,,,
42,LOIRE,4,69851,46531,43513,"66,61%",FITERMAN,CHARLES,PARTI COMMUNISTE FRANCAIS,COM,18588,N,MANDON,DANIEL,GROUPEMENT DES ELUS DE L'UDF,UDF,24925,O,,,,,,
42,LOIRE,5,68299,48494,45075,71%,AUROUX,JEAN,"ASSOCIATION PARTI SOCIALISTE, MOUVEMENT DES RADICAUX DE GAUCHE ET APPARENTES",SOC,15466,N,NICOLIN,YVES,GROUPEMENT DES ELUS DE L'UDF,UDF,29609,O,,,,,,
42,LOIRE,7,82410,53228,44362,"64,59%",CHOSSY,JEAN-FRANCOIS,GROUPEMENT DES ELUS DE L'UDF,UDF,31100,N,LLILIO,GERARD,FRONT NATIONAL,FRN,13262,N,,,,,,
44,LOIRE-ATLANTIQUE,1,66731,41775,39496,"62,6%",ASSERAY,DANIEL,"PARTI SOCIALISTE, ALLIANCE DES FRANCAIS POUR LE PROGRES",SOC,15995,N,PAPON,MONIQUE,MAITRE DE CONFERENCES UNIVERSITE DE NANTES,UDF,23501,O,,,,,,
44,LOIRE-ATLANTIQUE,2,71611,43846,41498,"61,23%",HUBERT,ELISABETH,,RPR,24565,O,MAHE,ALBERT,"PARTI SOCIALISTE, ALLIANCE DES FRANCAIS POUR LE PROGRES",SOC,16933,N,,,,,,
44,LOIRE-ATLANTIQUE,3,78488,52294,49765,"66,63%",AYRAULT,JEAN-MARC,"ASSOCIATION PARTI SOCIALISTE, MOUVEMENT DES RADICAUX DE GAUCHE ET APPARENTES",SOC,27661,O,HAROUSSEAU,JEAN-LUC,UDF,UDF,22104,N,,,,,,
44,LOIRE-ATLANTIQUE,4,66606,45950,43088,"68,99%",FLOCH,JACQUES,,SOC,21786,O,SAILLANT,ALAIN,,RPR,21302,N,,,,,,
44,LOIRE-ATLANTIQUE,7,84145,55049,51089,"65,42%",GUICHARD,OLIVIER,OPPOSITION NATIONALE,RPR,30455,O,LEROUX,RENE,"ASSOCIATION PARTI SOCIALISTE, MOUVEMENT DES RADICAUX DE GAUCHE ET APPARENTES",SOC,20634,N,,,,,,
44,LOIRE-ATLANTIQUE,8,73996,47767,43596,"64,55%",EVIN,CLAUDE,"ASSOCIATION PARTI SOCIALISTE, MOUVEMENT DES RADICAUX DE GAUCHE ET APPARENTES",SOC,21681,N,GARNIER,ETIENNE,UNION POUR LA FRANCE (RPR),RPR,21915,O,,,,,,
44,LOIRE-ATLANTIQUE,9,73301,47823,41264,"65,24%",AUDION,JEAN-RAYMOND,RPR,RPR,19390,N,HERIAUD,PIERRE,,UDF,21874,O,,,,,,
45,LOIRET,1,69623,51664,48812,"74,21%",CARRE,ANTOINE,,UDF,26831,O,SUEUR,JEAN-PIERRE,,SOC,21981,N,,,,,,
45,LOIRET,2,71903,50084,46096,"69,65%",DOLIGE,ERIC,,RPR,29027,O,LEBON,FRANCOIS,,SOC,17069,N,,,,,,
45,LOIRET,3,76521,54028,50293,"70,61%",BERNARD,JEAN-LOUIS,,UDF,30813,O,LAPAIRE,JEAN-PIERRE,,SOC,19480,N,,,,,,
45,LOIRET,4,85605,59146,54457,"69,09%",DENIAU,XAVIER,UNION REPUBLICAINE,RPR,34547,O,NUBLAT,MAX,,COM,19910,N,,,,,,
45,LOIRET,5,80007,53213,43408,"66,51%",BEAUDOIN,ANDRE,"FRONT NATIONAL, LES FRANCAIS D'ABORD",FRN,12103,N,CHARIE,JEAN-PAUL,,RPR,31305,O,,,,,,
46,LOT,1,62473,49765,46302,"79,66%",CHARLES,BERNARD,MOUVEMENT DES RADICAUX DE GAUCHE,RDG,23353,O,MAS,PIERRE,CANDIDAT CENTRE DEMOCRATE SOCIAL,UDF,22949,N,,,,,,
46,LOT,2,61287,49459,46852,"80,7%",CHASTAGNOL,ALAIN,RASSEMBLEMENT POUR LA REPUBLIQUE,RPR,21643,N,MALVY,MARTIN,PARTI SOCIALISTE,SOC,25209,O,,,,,,
47,LOT-ET-GARONNE,1,76598,54025,48088,"70,53%",AURADOU,MAURICE,,SOC,19896,N,CHOLLET,PAUL,,UDF,28192,O,,,,,,
47,LOT-ET-GARONNE,2,75184,58355,52746,"77,62%",GOUZES,GERARD,,SOC,21574,N,RICHARD,GEORGES,,RPR,31172,O,,,,,,
47,LOT-ET-GARONNE,3,73148,49508,39591,"67,68%",GONELLE,MICHEL,,RPR,19715,N,SOULAGE,DANIEL,,UDF,19876,O,,,,,,
48,LOZERE,1,30452,16984,11212,"55,77%",DELMAS,JEAN-JACQUES,RADICAL VALOISIEN,UDF,11212,O,,,,,,,,,,,,
49,MAINE-ET-LOIRE,1,70708,45033,41526,"63,69%",BACHELOT,ROSELYNE,RASSEMBLEMENT POUR LA REPUBLIQUE CANDIDATE INVESTIE PAR L'UPF,RPR,27188,O,MEIMOUN,YVES,PARTI SOCIALISTE,SOC,14338,N,,,,,,
49,MAINE-ET-LOIRE,2,74626,48939,45020,"65,58%",BOYER,JEAN-CLAUDE,PARTI SOCIALISTE,SOC,16175,N,GRIMAULT,HUBERT,"CANDIDAT INVESTI PAR L'UPF, UNION POUR LA DEMOCRATIE FRANCAISE (CDS)",UDF,28845,O,,,,,,
49,MAINE-ET-LOIRE,4,66428,32592,23942,"49,06%",BEGAULT,JEAN,CANDIDAT INVESTI PAR L'UPF UNION POUR LA DEMOCRATIE FRANCAISE (UDF),UDF,23942,O,,,,,,,,,,,,
49,MAINE-ET-LOIRE,5,67473,42947,39316,"63,65%",BOUGNOUX,JEAN-PIERRE,PARTI SOCIALISTE,SOC,15693,N,LIGOT,MAURICE,CANDIDAT INVESTI PAR L'UPF,UDF,23623,O,,,,,,
50,MANCHE,1,70412,44673,38585,"63,45%",DE LA LOYERE,GEORGES,UNION POUR LA DEMOCRATIE FRANCAISE,UDF,17171,N,LEMOINE,JEAN-CLAUDE,RASSEMBLEMENT POUR LA REPUBLIQUE,RPR,21414,O,,,,,,
50,MANCHE,3,69064,42543,36392,"61,6%",COUSIN,ALAIN,RASSEMBLEMENT POUR LA REPUBLIQUE,RPR,24511,O,LEROUGE,DAVID,SANS ETIQUETTE,DVD,11881,N,,,,,,
50,MANCHE,5,68278,46851,43408,"68,62%",BONNET,YVES,UNION POUR LA DEMOCRATIE FRANCAISE,UDF,26452,O,CAUVIN,BERNARD,PARTI SOCIALISTE,SOC,16956,N,,,,,,
51,MARNE,2,61069,39020,36544,"63,89%",ETIENNE,JEAN-CLAUDE,RASSEMBLEMENT POUR LA REPUBLIQUE,RPR,20680,O,VOISIN,MICHEL,PARTI SOCIALISTE,SOC,15864,N,,,,,,
51,MARNE,3,58352,34887,29300,"59,79%",LE TOUZE,JACQUES,FRONT NATIONAL,FRN,8211,N,THOMAS,JEAN-CLAUDE,CANDIDAT DE L'OPPOSITION NATIONALE RPR-UDF,RPR,21090,O,,,,,,
51,MARNE,4,57902,37457,34483,"64,69%",BOURG-BROC,BRUNO,CANDIDAT DE L'OPPOSITION NATIONALE RPR-UDF,RPR,21715,O,REYSSIER,JEAN,PARTI COMMUNISTE FRANCAIS,COM,12768,N,,,,,,
51,MARNE,5,61179,44479,41936,"72,7%",BOUQUET,JEAN-PIERRE,PARTI SOCIALISTE,SOC,18575,N,DU BUISSON DE COURSON,CHARLES-AMEDEE,CANDIDAT DE L'OPPOSITION NATIONALE RPR-UDF,UDF,23361,O,,,,,,
51,MARNE,6,66204,40173,32991,"60,68%",MARTIN,PHILIPPE,,DVD,16520,O,STASI,BERNARD,CANDIDAT DE L'OPPOSITION NATIONALE RPR-UDF,UDF,16471,N,,,,,,
52,HAUTE-MARNE,1,78258,52759,47298,"67,42%",BAILLET,GUY,PARTI SOCIALISTE,SOC,18531,N,FEVRE,CHARLES,,UDF,28767,O,,,,,,
52,HAUTE-MARNE,2,67697,40401,31452,"59,68%",CORNUT-GENTILLE,FRANCOISE,RASSEMBLEMENT POUR LA REPUBLIQUE,RPR,20217,O,MARTIN,SIMONE,PARTI REPUBLICAIN,UDF,11235,N,,,,,,
53,MAYENNE,3,68049,30530,22900,"44,86%",LESTAS,ROGER,GROUPEMENT DES ELUS DE L'UDF,UDF,22900,O,,,,,,,,,,,,
54,MEURTHE-ET-MOSELLE,1,50918,30537,28256,"59,97%",GUYOT,JEAN-JACQUES,PARTI SOCIALISTE,SOC,10614,N,ROSSINOT,ANDRE,UNION POUR LA FRANCE UDF-RPR,UDF,17642,O,,,,,,
54,MEURTHE-ET-MOSELLE,2,75053,48221,44391,"64,25%",LEONARD,GERARD,UNION POUR LA FRANCE RPR-UDF,RPR,26500,O,MANGIN,RENE,PARTI SOCIALISTE,SOC,17891,N,,,,,,
54,MEURTHE-ET-MOSELLE,3,59338,36285,33759,"61,15%",GAILLARD,CLAUDE,GROUPEMENT DES ELUS UDF ,UDF,20010,O,GRANDBASTIEN,JEAN-FRANCOIS,PARTI SOCIALISTE,SOC,13749,N,,,,,,
54,MEURTHE-ET-MOSELLE,4,75457,50113,45268,"66,41%",GUILLAUME,FRANCOIS,,RPR,23828,O,REINER,DANIEL,PARTI SOCIALISTE,SOC,21440,N,,,,,,
54,MEURTHE-ET-MOSELLE,5,66309,46388,43245,"69,96%",DINET,MICHEL,PARTI SOCIALISTE,SOC,21159,N,GEOFFROY,ALOIS,GROUPEMENT DES ELUS DE L`UDF,UDF,22086,O,,,,,,
54,MEURTHE-ET-MOSELLE,6,73594,49195,45203,"66,85%",FRANCOIS,PATRICK,,UDF,20672,N,LE DEAUT,JEAN-YVES,PARTI SOCIALISTE,SOC,24531,O,,,,,,
54,MEURTHE-ET-MOSELLE,7,69580,43999,40042,"63,24%",DURIEUX,JEAN-PAUL,"PARTI SOCIALISTE, MAIRE DE LONGWY",SOC,20755,O,FERRARI,ANDRE,L`UNION POUR LA FRANCE UDF-RPR ,UDF,19287,N,,,,,,
55,MEUSE,2,61647,42978,39829,"69,72%",DUMONT,JEAN-LOUIS,PARTI SOCIALISTE,SOC,17158,N,LUX,ARSENE,PARTI DU RASSEMÂ­BLEMENT POUR LA REPUBLIQUE,RPR,22671,O,,,,,,
56,MORBIHAN,1,77912,51089,47772,"65,57%",LE FUR,ALAIN,,SOC,17171,N,MARCELLIN,RAYMOND,,UDF,30601,O,,,,,,
56,MORBIHAN,5,79776,54360,50331,"68,14%",GODARD,MICHEL,,UDF,26873,O,LE DRIAN,JEAN-YVES,,SOC,23458,N,,,,,,
56,MORBIHAN,6,80093,52574,43259,"65,64%",LE NAY,JACQUES,,DVD,21684,O,MORVANT,MICHEL,,RPR,21575,N,,,,,,
57,MOSELLE,1,66879,43001,39080,"64,3%",GROSDIDIER,FRANCOIS,"UNION RPR-UDF (PR, CDS, POUR CHANGER VRAIMENT, PARTI RADICAL, MOSELLE DEBOUT)",RPR,20503,O,LAURAIN,JEAN,"ASSOCIAÂ­TION PARTI SOCIALISTE, MOUVEMENT DES RADICAUX DE GAUCHE ET APPARENTES",SOC,18577,N,,,,,,
57,MOSELLE,2,68126,42848,39404,"62,9%",GROS,DOMINIQUE,ASSOCIATION PARTI SOCIALISTE ET MOUVEMENT DES RADICAUX DE GAUCHE ET APPARENTES,SOC,14863,N,JACQUAT,DENIS,UDF,UDF,24541,O,,,,,,
57,MOSELLE,3,65311,40775,36614,"62,43%",GRIESBECK,NATHALIE,SANS ETIQUETTE,MAJ,16604,N,MASSON,JEAN-LOUIS,UNION RPR-UDF,RPR,20010,O,,,,,,
57,MOSELLE,4,66192,47412,44679,"71,63%",MARTY,ALAIN,"RASÂ­SEMBLEMENT POUR LA REPUBLIQUE, UNION DEMOCRATIE FRANCAISE",RPR,20260,N,WARHOUVER,ALOYSE,SANS ETIQUETTE,MAJ,24419,O,,,,,,
57,MOSELLE,5,71796,45542,39899,"63,43%",ROTH,HUBERT,SANS ETIQUETTE,DVD,19351,N,SEITLINGER,JEAN,UDF DANS LE CADRE DE L`UPF,UDF,20548,O,,,,,,
57,MOSELLE,6,70861,40009,35135,"56,46%",BOUSCH,JEAN-ERIC,RASSEMBLEMENT POUR LA REPUBLIQUE,RPR,13276,N,LANG,PIERRE,UNION DEMOCRATIE FRANCAISE,UDF,21859,O,,,,,,
57,MOSELLE,7,73434,44753,38415,"60,94%",BERTHOL,ANDRE,RASSEMBLEMENT POUR LA REPUBLIQUE,RPR,25651,O,MATECKI,ARTHUR,"FRONT NATIONAL, LES FRANCAIS D`ABORD",FRN,12764,N,,,,,,
57,MOSELLE,8,68923,44583,40855,"64,69%",KIFFER,JEAN,"UNION MOSELLE DEBOUT RPR-UDF, CG, MAIRE D`AMNEVILLE",DVD,24653,O,LIEBGOTT,MICHEL,PARTI SOCIALISTE,SOC,16202,N,,,,,,
57,MOSELLE,9,66087,38204,31528,"57,81%",DEMANGE,JEAN-MARIE,"UNION, RASSEMBLEMENT POUR LA REPUBLIQUE, UNION POUR LA DEMOCRATIE FRANCAISE",RPR ,22057,O,MANOUX,GUY,"FRONT NATIONAL, LES FRANCAIS D`ABORD",FRN,9471,N,,,,,,
57,MOSELLE,10,67757,42516,38398,"62,75%",BOURGASSER,ALPHONSE,INDEPENDANT,DVD,19806,O,DROUIN,RENE,"ASSOCIATION PARTI SOCIALISTE, MOUVEMENT DES RADICAUX DE GAUCHE ET APPARENTES",SOC,18592,N,,,,,,
58,NIEVRE,1,56959,41909,38931,"73,58%",BEREGOVOY,PIERRE,PARTI SOCIALISTE,SOC,20904,O,ROSTEIN,DANIEL,,RPR,18027,N,,,,,,
58,NIEVRE,2,59610,41977,38275,"70,42%",BEGUIN,DIDIER,,UDF,19392,O,MIGNARD,JEAN-PIERRE,PARTI SOCIALISTE,SOC,18883,N,,,,,,
58,NIEVRE,3,58269,42896,40359,"73,62%",BARDIN,BERNARD,PARTI SOCIALISTE,SOC,20120,N,RIGNAULT,SIMONE,,RPR,20239,O,,,,,,
59,NORD,1,56343,37711,33610,"66,93%",CODACCIONI,COLETTE,"TOUS AVEC COLETTE, CANDIDATE UNIQUE DE L`OPPOSITION RPR-UDF-CNI",RPR,17096,O,ROMAN,BERNARD,ALLIANCE DES FRANCAIS POUR LE PROGRES AVEC LES SOCIALISTES,SOC,16514,N,,,,,,
59,NORD,2,69321,46132,42719,"66,55%",DEGRAEVE,THIERRY,UNION DE L`OPPOSITION-UDF-RPR,UDF,20880,N,DEROSIER,BERNARD,PARTI SOCIALISTE,SOC,21839,O,,,,,,
59,NORD,3,56414,34766,32074,"61,63%",BESSON,PAUL,ALLIANCE DES FRANCAIS POUR LE PROGRES AVEC LES SOCIALISTES ,SOC,12285,N,DHINNIN,CLAUDE,,RPR,19789,O,,,,,,
59,NORD,4,65019,41732,36408,"64,18%",ALEXANDRE,GILLES,"FRONT NATIONAL, LES FRANCAIS D`ABORD",FRN,9477,N,DAUBRESSE,MARC-PHILIPPE,"UNION POUR LA FRANCE SOUTENU PAR LE RPR ET L`UDF ,UNION POUR UN AVENIR DE QUALITE",UDF,26931,O,,,,,,
59,NORD,5,79277,55042,49866,"69,43%",DAVOINE,BERNARD,ALLIANCE DES FRANCAIS POUR LE PROGRES AVEC LES SOCIALISTES,SOC,25003,O,DERAEDT,MARCEL,,RPR,24863,N,,,,,,
59,NORD,6,68479,51413,47295,"75,08%",BAILLY,DOMINIQUE,ALLIANCE DES FRANCAIS POUR LE PROGRES AVEC LES SOCIALISTES,SOC,19327,N,LAZARO,THIERRY,RASSEMBLEMENT POUR LA REPUBLIQUE RPR,RPR,27968,O,,,,,,
59,NORD,7,66562,46119,44128,"69,29%",CARTON,BERNARD,ALLIANCE DES FRANCAIS POUR LE PROGRES AVEC LES SOCIALISTES ,SOC,15312,N,CEYRAC,PIERRE,"FRONT NATIONAL, LES FRANCAIS D`ABORD",FRN,11007,N,GHYSEL,MICHEL,UNION POUR LA FRANCE,RPR,17809,O
59,NORD,8,65795,41526,37972,"63,11%",GENDRON,JEAN-PIERRE,"FRONT NATIONAL, LES FRANCAIS D`ABORD",FRN,12036,N,VIGNOBLE,GERARD,"GROUPEMENT DES ELUS DE L`UDF, MAIRE DE WASQUEHAL",UDF,25936,O,,,,,,
59,NORD,10,69367,49909,48128,"71,95%",BAECKEROOT,CHRISTIAN,"FRONT NATIONAL, LES FRANCAIS D`ABORD",FRN,13178,N,BALDUYCK,JEAN-PIERRE,ALLIANCE DES FRANCAIS POUR LE PROGRES AVEC LES SOCIALISTES,SOC,16372,N,VANNESTE,CHRISTIAN,RPR,RPR,18578,O
59,NORD,11,78984,57137,52722,"72,34%",DURAND,YVES,PARTI SOCIALISTE,SOC,25707,N,HOSTALIER,FRANCOISE,"UNION POUR LA FRANCE, UDF ET RPR",UDF,27015,O,,,,,,
59,NORD,12,66653,48044,43466,"72,08%",DELEBARRE,MICHEL,PARTI SOCIALISTE,SOC,14254,N,FAUCHOIT,REGIS,DIVERS GAUCHE,MAJ,29212,O,,,,,,
59,NORD,13,63142,44412,41060,"70,34%",DELATTRE,ANDRE,ALLIANCE DES FRANCAIS POUR LE PROGRES AVEC LES SOCIALISTES,SOC,16422,N,DEWEES,EMMANUEL,UNION POUR LA FRANCE,RPR,24638,O,,,,,,
59,NORD,14,65366,51008,46478,"78,03%",DEBLOCK,GABRIEL,RPR,DVD,29231,O,LE GARREC,JEAN,ALLIANCE DES FRANCAIS POUR LE PROGRES AVEC LES SOCIALISTES,SOC,17247,N,,,,,,
59,NORD,15,65383,49451,45424,"75,63%",DELOBEL,JEAN,ALLIANCE DES FRANCAIS POUR LE PROGRES AVEC LES SOCIALISTES,SOC,20213,N,GOURNAY,MARIE-FANNY,RPR,RPR,25211,O,,,,,,
59,NORD,16,76575,54750,50942,"71,5%",HAGE,GEORGES,CANDIDAT DE RASSEMBLEMENT PRESENTE PAR LE PARTI COMMUNISTE FRANCAIS ,COM,30845,O,VANANDREWELT,PATRICK,NON INSCRIT,DVD,20097,N,,,,,,
59,NORD,17,72157,50515,47894,"70,01%",DOLEZ,MARC,PARTI SOCIALISTE,SOC,23780,N,VERNIER,JACQUES,UNION POUR LA FRANCE,RPR,24114,O,,,,,,
59,NORD,18,76513,57875,53269,"75,64%",PRINGALLE,CLAUDE,UPF,RPR,29490,O,WARIN,JACQUES,ALLIANCE DES FRANCAIS POUR LE PROGRES AVEC LES SOCIALISTES,SOC,23779,N,,,,,,
59,NORD,19,76569,53498,49289,"69,87%",CARPENTIER,RENE,CANDIDAT DE RASSEMBLEMENT PREÂ­SENTE PAR LE PARTI COMMUNISTE FRANCAIS,COM,30090,O,GODIN,BERNARD,UNION POUR LA FRANCE,RPR,19199,N,,,,,,
59,NORD,20,78160,54185,50512,"69,33%",BOCQUET,ALAIN,CANDIDAT DE RASSEMBLEMENT PRESENTE PAR LE PARTI COMMUNISTE FRANCAIS,COM,28792,O,LARCANCHE,CLAUDE,"UNION POUR LA FRANCE RPR-UDF, UNION DE L`OPPOSITION",UDF,21720,N,,,,,,
59,NORD,21,75317,52417,50136,"69,6%",BORLOO,JEAN-LOUIS,SANS ETIQUETTE,DVD,31622,O,THIEME,FABIEN,CANDIDAT DE RASÂ­SEMBLEMENT PRESENTE PAR LE PARTI COMMUNISTE FRANCAIS ,COM,18514,N,,,,,,
59,NORD,22,73266,55645,50707,"75,95%",BATAILLE,CHRISTIAN,AVESNOIS ET LE CAMBRESIS AVEC LES SOCIALISTES,SOC,25671,O,MACHEPY,SERGE,NON INSCRIT,DVD,25036,N,,,,,,
59,NORD,23,66634,46668,44965,"70,04%",DECAGNY,JEAN-CLAUDE,UDF-PSD,UDF,19481,O,DERESNES,CLAUDE,"FRONT NATIONAL, LES FRANCAIS D`ABORD",FRN,9870,N,JAROSZ,JEAN,CANDIDAT DE RASSEMBLEMENT PRESENTE PAR LE PARTI COMMUNISTE FRANCAIS,COM,15614,N
59,NORD,24,64753,47689,44147,"73,65%",DEHOUX,MARCEL,ALLIANCE DES FRANCAIS POUR LE PROGRES AVEC LES SOCIALISTES,SOC,20193,N,POYART,ALAIN,UNION POUR LA FRANCE,RPR,23954,O,,,,,,
60,OISE,3,63777,37243,29867,"58,4%",CHENIERE,ERNEST,RASSEMBLEMENT POUR LA REPUBLIQUE,RPR,18064,O,GUINIOT,MICHEL,FRONT NATIONAL,FRN,11803,N,,,,,,
60,OISE,4,76298,48459,40725,"63,51%",DEHAINE,ARTHUR,RASSEMBLEMENT POUR LA REPUBLIQUE,RPR,28308,O,EVRARD,PHILIPPE,FRONT NATIONAL,FRN,12417,N,,,,,,
60,OISE,5,61487,42733,39343,"69,5%",DEGAUCHY,LUCIEN,RASSEMBLEMENT POUR LA REPUBLIQUE,RPR,23701,O,FERRIEUX,FRANCOIS,ASSOCIATION PS-MRG ET APPARENTES,SOC,15642,N,,,,,,
60,OISE,6,64212,42210,35633,"65,74%",DESCAVES,PIERRE,FRONT NATIONAL,FRN,10746,N,GONNOT,FRANCOIS-MICHEL,UNION POUR LA DEMOCRATIE FRANCAISE,UDF,24887,O,,,,,,
60,OISE,7,64694,46426,44258,"71,76%",BRAINE,JEAN-PIERRE,ASSOCIATION PS-MRG ET APPARENTES,SOC,17539,O,LEROY,JEAN-JACQUES,FRONT NATIONAL,FRN,9438,N,MALAIZE,PATRICK,UNION POUR LA DEMOCRATIE FRANCAISE,UDF,17281,N
61,ORNE,1,71679,44757,37177,"62,44%",DENIAUD,YVES,,RPR,19829,O,MIETTE,DANIEL,,UDF,17348,N,,,,,,
61,ORNE,2,67437,45156,37788,"66,96%",GENG,FRANCIS,UNION POUR LA FRANCE,UDF,14522,N,LENOIR,JEAN-CLAUDE,,UDF,23266,O,,,,,,
61,ORNE,3,72664,54890,52176,"75,54%",BASSOT,HUBERT,,UDF,20587,O,DOUBIN,FRANCOIS,,RDG,19880,N,SAINT QUENTIN (DE),AMAURY,,RPR,11709,N
62,PAS-DE-CALAIS,1,75128,58580,53992,"77,97%",DEFONTAINE,JEAN-PIERRE,MOUVEMENT DES RADICAUX DE GAUCHE,RDG,28448,O,WEPPE,JEAN,RPR,RPR,25544,N,,,,,,
62,PAS-DE-CALAIS,2,69449,53172,48593,"76,56%",ALEXANDRE,JEAN-MARIE,PARTI SOCIALISTE,SOC,22889,N,GHEERBRANT,CHARLES,DROITE DIVERS,UDF,25704,O,,,,,,
62,PAS-DE-CALAIS,4,71859,53401,50653,"74,31%",DEPREZ,LEONCE,UPF,UDF,31353,O,KRAJEWSKI,JEAN-MARIE,PARTI SOCIALISTE,SOC,19300,N,,,,,,
62,PAS-DE-CALAIS,5,60514,42325,39159,"69,94%",LENGAGNE,GUY,PARTI SOCIALISTE,SOC,18792,N,PONT,JEAN-PIERRE,GROUPEMENT DES ELUS DE L'UDF (UPF),UDF,20367,O,,,,,,
62,PAS-DE-CALAIS,6,67854,47027,44188,"69,31%",DUPILET,DOMINIQUE,PARTI SOCIALISTE,SOC,23696,O,LAPOTRE,RENE,UPF,DVD,20492,N,,,,,,
62,PAS-DE-CALAIS,7,76314,52012,48128,"68,16%",CAPET,ANDRE,PARTI SOCIALISTE,SOC,22964,N,DEMASSIEUX,CLAUDE,UPF,RPR,25164,O,,,,,,
62,PAS-DE-CALAIS,8,63078,49683,46760,"78,76%",DELVAUX,JEAN-JACQUES,UPF,RPR,24787,O,LEFAIT,MICHEL,PARTI SOCIALISTE,SOC,21973,N,,,,,,
62,PAS-DE-CALAIS,9,75798,58830,54676,"77,61%",FLAJOLET,ANDRE,UPF,RPR,24917,N,MELLICK,JACQUES,PARTI SOCIALISTE,SOC,29759,O,,,,,,
62,PAS-DE-CALAIS,10,73590,38722,23865,"52,62%",JANQUIN,SERGE,PARTI SOCIALISTE,SOC,23865,O,,,,,,,,,,,,
62,PAS-DE-CALAIS,11,86265,62359,56194,"72,29%",AUCHEDE,REMY,PARTI COMMUNISTE FRANCAIS,COM,32556,O,JOSIEN,DOMINIQUE,,UDF,23638,N,,,,,,
62,PAS-DE-CALAIS,12,76360,42337,24673,"55,44%",KUCHEIDA,JEAN-PIERRE,PARTI SOCIALISTE,SOC,24673,O,,,,,,,,,,,,
62,PAS-DE-CALAIS,13,70756,37628,23398,"53,18%",BOIS,JEAN-CLAUDE,PARTI SOCIALISTE,SOC,23398,O,,,,,,,,,,,,
62,PAS-DE-CALAIS,14,72150,49449,45222,"68,54%",FACON,ALBERT,PARTI SOCIALISTE,SOC,20951,N,URBANIAK,JEAN,SANS ETIQUETTE,MAJ,24271,O,,,,,,
63,PUY-DE-DOME,1,56906,39081,36296,"68,68%",FANGET,MICHEL,GROUPEMENT DES ELUS DE L'UDF,UDF,19444,O,POURCHON,MAURICE,"ASSOCIATION PARTI SOCIALISTE, MOUVEMENT DES RADICAUX DE GAUCHE ET APPARENTES",SOC,16852,N,,,,,,
63,PUY-DE-DOME,2,62287,48021,44740,"77,1%",CARTAUD,MICHEL,,UDF,23038,O,NERI,ALAIN,"ASSOCIATION PARTI SOCIALISTE, MOUVEMENT DES RADICAUX DE GAUCHE ET APPARENTES",SOC,21702,N,,,,,,
63,PUY-DE-DOME,4,69644,49803,45841,"71,51%",BACQUET,JEAN-PAUL,"ASSOCIATION PARTI SOCIALISTE, MOUVEMENT DES RADICAUX DE GAUCHE ET APPARENTES",SOC,21418,N,PASCALLON,PIERRE,,RPR,24423,O,,,,,,
63,PUY-DE-DOME,5,65339,47633,44130,"72,9%",ADEVAH-POEUF,MAURICE,"ASSOCIATION PARTI SOCIALISTE, MOUVEMENT DES RADICAUX DE GAUCHE ET APPARENTES",SOC,19109,N,CHARTOIRE,JEAN-MARC,GROUPEMENT DES ELUS DE L'UDF,UDF,25021,O,,,,,,
63,PUY-DE-DOME,6,81776,61240,55284,"74,89%",BOCHE,GERARD,,UDF,30083,O,VACANT,EDMOND,"ASSOCIATION PARTI SOCIALISTE, MOUVEMENT DES RADICAUX DE GAUCHE ET APPARENTES",SOC,27201,N,,,,,,
64,PYRENEES-ATLANTIQUES,1,61037,42533,39266,"69,68%",GOUGY,JEAN,UNION DE L'OPPOSITION RPR-UDF,RPR,22611,O,MAJESTE,RENE,"ASSOCIATION PARTI SOCIALISTE, MOUVEMENT DES RADICAUX DE GAUCHE ET APPARENTES",SOC,16655,N,,,,,,
64,PYRENEES-ATLANTIQUES,2,63443,46569,43261,"73,4%",BAYROU,FRANCOIS,UNION POUR LA FRANCE UDF-RPR,UDF,26486,O,LABAZEE,GEORGES,PARTI SOCIALISTE,SOC,16775,N,,,,,,
64,PYRENEES-ATLANTIQUES,3,75670,58263,55068,77%,BASSE-CATHALINAT,LUCIEN,UNION DE L'OPPOSITION UDF-RPR,DVD,26850,N,LABARRERE,ANDRE,POUR L'AVENIR DU BEARN,SOC,28218,O,,,,,,
64,PYRENEES-ATLANTIQUES,5,70456,47444,44360,"67,34%",LAMASSOURE,ALAIN,GROUPEMENT DES ELUS DE L'UDF,UDF,26452,O,PERY,NICOLE,"ASSOCIATION DU PARTI SOCIALISTE, MOUVEMENT DES RADICAUX DE GAUCHE ET APPARENTES",SOC,17908,N,,,,,,
64,PYRENEES-ATLANTIQUES,6,76463,51185,47390,"66,94%",ALLIOT-MARIE,MICHELE,UNION DE L'OPPOSITION RPR-UDF,RPR,30587,O,LASSALLETTE,RAPHAEL,PARTI SOCIALISTE,SOC,16803,N,,,,,,
65,HAUTES-PYRENEES,1,59402,43934,40579,"73,96%",FORGUES,PIERRE,,SOC,19690,N,TREMEGE,GERARD,,UDF,20889,O,,,,,,
65,HAUTES-PYRENEES,3,52559,36672,33665,"69,77%",GLAVANY,JEAN,,SOC,16941,O,JOURNE,JEAN,,UDF,16724,N,,,,,,
66,PYRENEES-ORIENTALES,1,58999,36896,30194,"62,54%",BARATE,CLAUDE,"RASSEMBLEMENT POUR LA REPUBLIQUE, INVESTI UPF",RPR,17343,O,MARTINEZ,JEAN-CLAUDE,"FRONT NATIONAL, LES FRANCAIS D'ABORD",FRN,12851,N,,,,,,
66,PYRENEES-ORIENTALES,2,73155,50911,46440,"69,59%",BASCOU,ANDRE,RASSEMBLEMENT POUR LA REPUBLIQUE INVESTI UPF,RPR,26567,O,ESTEVE,PIERRE,"ASSOCIATION PARTI SOCIALISTE, MOUVEMENT DES RADICAUX DE GAUCHE ET APPARENTES, PARTI SOCIALISTE",SOC,19873,N,,,,,,
66,PYRENEES-ORIENTALES,3,61543,39883,35745,"64,81%",BOURQUIN,CHRISTIAN,PARTI SOCIALISTE,SOC,16145,N,CALVET,FRANCOIS,"PARTI REPUBLICAIN (UDF), INVESTI UPF",UDF,19600,O,,,,,,
66,PYRENEES-ORIENTALES,4,71370,50119,43852,"70,22%",MONTERRAT,GERARD,"FRONT NATIONAL, LES FRANCAIS D'ABORD",FRN,18727,N,SICRE,HENRI,"ASSOCIATION PARTI SOCIALISTE, MOUVEMENT DES RADICAUX DE GAUCHE ET APPARENTES, PARTI SOCIALISTE",SOC,25125,O,,,,,,
67,BAS-RHIN,1,49478,25225,20646,"50,98%",KOEHL,EMILE,UNION UDF-RPR (UNION POUR LA FRANCE),UDF,7250,N,LAPP,HARRY,UDF DE STRASBOURG,UDF,13388,O,,,,,,
67,BAS-RHIN,2,50650,29147,27072,"57,55%",REYMANN,MARC,GROUPE DES ELUS DE L'UDF,UDF,16167,O,SCHMITT,MICHEL,"ASSOCIATION PARTI SOCIALISTE, MOUVEMENT DES RADICAUX DE GAUCHE ET APPARENTES",SOC,10905,N,,,,,,
67,BAS-RHIN,3,62006,37001,35078,"59,67%",GROSSMANN,ROBERT,RASSEMBLEMENT POUR LA REPUBLIQUE,RPR,16321,N,MULLER,ALFRED,MOUVEMENT DEMOCRATIE ALSACIENNE (MDA),MAJ,18757,O,,,,,,
67,BAS-RHIN,4,96965,56907,49239,"58,69%",DURR,ANDRE,RASSEMBLEMENT POUR LA REPUBLIQUE,RPR,34694,O,NOTH,GEORGES-PIERRE,L'ALSACE DEBOUT AVEC LE FRONT NATIONAL,FRN,14545,N,,,,,,
67,BAS-RHIN,5,84573,56343,52482,"66,62%",ESTEVE,GILBERT,"ASSOCIATION PARTI SOCIALISTE, MOUVEMENT DES RADICAUX DE GAUCHE ET APPARENTES",SOC,20922,N,GENGENWIN,GERMAIN,GROUPEMENT DES ELUS DE L'UDF,UDF,31560,O,,,,,,
67,BAS-RHIN,6,67973,45495,41932,"66,93%",CARO,JEAN-MARIE,GROUPEMENT DES ELUS DE L'UDF,UDF,20784,N,FERRY,ALAIN,INDEPENDANT,MAJ,21148,O,,,,,,
67,BAS-RHIN,8,64970,42805,39027,"65,88%",BERTRAND,PIERRE,RASSEMBLEMENT POUR LA REPUBLIQUE,RPR,18285,N,LOOS,FRANCOIS,GROUPEMENT DES ELUS DE L'UDF,UDF,20742,O,,,,,,
68,HAUT-RHIN,1,61381,27709,21257,"45,14%",MEYER,GILBERT,RASSEMBLEMENT POUR LA REPUBLIQUE,RPR,21257,O,,,,,,,,,,,,
68,HAUT-RHIN,2,67643,42702,39261,"63,13%",BARTHET,CHRISTINE,GENERATION ECOLOGIE,GEC,17403,N,FUCHS,JEAN-PAUL,UNION POUR LA DEMOCRATIE FRANCAISE (CDS),UDF,21858,O,,,,,,
68,HAUT-RHIN,4,64484,39204,34675,"60,8%",UEBERSCHLAG,JEAN,RASSEMBLEMENT POUR LA REPUBLIQUE,RPR,26598,O,YUNG,BERNARD,FRONT NATIONAL,FRN,8077,N,,,,,,
68,HAUT-RHIN,5,52719,36174,34754,"68,62%",BOCKEL,JEAN-MARIE,PARTI SOCIALISTE,SOC,13588,N,FREULET,GERARD,FRONT NATIONAL,FRN,7476,N,KLIFA,JOSEPH,UNION POUR LA DEMOCRATIE FRANCAISE (PSD),UDF,13690,O
68,HAUT-RHIN,6,67766,42455,37174,"62,65%",THEVENOT,MICHEL,FRONT NATIONAL,FRN,11175,N,WEBER,JEAN-JACQUES,UNION POUR LA DEMOCRATIE FRANCAISE,UDF,25999,O,,,,,,
68,HAUT-RHIN,7,64013,43611,40311,"68,13%",BAEUMLER,JEAN-PIERRE,PARTI SOCIALISTE,SOC,18963,N,HABIG,MICHEL,RASSEMBLEMENT POUR LA REPUBLIQUE,RPR,21348,O,,,,,,
69,RHONE,1,54555,32312,26637,"59,23%",DUMEZ,PHILIPPE,"FRONT NATIONAL, LES FRANCAIS D'ABORD",FRN,7817,N,ISAAC-SIBILLE,BERNADETTE,UNION DE L'OPPOSITION RPR-UDF,UDF,18820,O,,,,,,
69,RHONE,2,63404,40637,36567,"64,09%",MERIEUX,ALAIN,UNION DE L'OPPOSITION RPR-UDF,RPR,25244,N,NOIR,MICHEL,,DVD,21323,O,,,,,,
69,RHONE,3,57190,33541,28523,"58,65%",DUBERNARD,JEAN-MICHEL,,DVD,15041,O,SOULIER,ANDRE,UNION DE L'OPPOSITION RPR-UDF,UDF,13482,O,,,,,,
69,RHONE,5,77062,47612,40203,"61,78%",RIGAUD,JEAN,UNION DE L'OPPOSITION RPR-UDF,UDF,30282,O,TERRIER,PIERRE,"FRONT NATIONAL, LES FRANCAIS D'ABORD",FRN,9921,N,,,,,,
69,RHONE,6,61785,41908,39212,"67,83%",BRET,JEAN-PAUL,ALLIANCE DES FRANCAIS POUR LE PROGRES,SOC,19188,N,FRAYSSE,MARC,UNION DE L'OPPOSITION RPR-UDF,RPR,20024,O,,,,,,
69,RHONE,7,57506,38156,36635,"66,35%",CALVEL,JEAN-PIERRE,UNION UDF-RPR,UDF,14518,O,DE BOUTEILLER,DENIS,"FRONT NATIONAL, LES FRANCAIS D'ABORD",FRN,7871,N,OUEYRANNE,JEAN-JACK,ALLIANCE DES FRANCAIS POUR LE PROGRES,SOC,14246,N
69,RHONE,9,67048,42563,37268,"63,48%",BARBIER,JEAN-PIERRE,"FRONT NATIONAL, LES FRANCAIS D'ABORD",FRN,13681,N,PERRUT,FRANCISQUE,UNION DE L'OPPOSITION RPR-UDF,UDF,23587,O,,,,,,
69,RHONE,10,70768,33510,23751,"47,35%",BESSON,JEAN,UNION DE L'OPPOSITION RPR-UDF,RPR,23751,O,,,,,,,,,,,,
69,RHONE,11,65416,38770,31240,"59,27%",BAHU,JEAN-CLAUDE,UNION DE L'OPPOSITION RPR-UDF,RPR,21425,O,BENOISTON,ARMELLE,"FRONT NATIONAL, LES FRANCAIS D'ABORD",FRN,9815,N,,,,,,
69,RHONE,12,66176,44215,44144,"66,81%",LAMBERT,RENE,ALLIANCE DES FRANCAIS POUR LE PROGRES,SOC,15196,N,TERROT,MICHEL,UNION DE L'OPPOSITION RPR-UDF,RPR,25948,O,,,,,,
69,RHONE,13,76908,54777,52673,"71,22%",DAVID,MARTINE,ALLIANCE DES FRANCAIS POUR LE PROGRES,SOC,19364,O,FLEURET,JEAN-LOUP,,UDF,18326,N,GOLLNISCH,BRUNO,"FRONT NATIONAL, LES FRANCAIS D'ABORD",FRN,14983,N
69,RHONE,14,46861,30729,29313,"65,57%",DEMONT,GERARD,UNION DE L'OPPOSITION RPR-UDF,RPR,9886,N,GERIN,ANDRE,PARTI COMMUNISTE FRANCAIS,COM,13683,O,JOANNON,MAURICE,"FRONT NATIONAL, LES FRANCAIS D'ABORD",FRN,5744,N
70,HAUTE-SAONE,2,57187,43663,40143,"76,35%",MICHEL,JEAN-PIERRE,MOUVEMENT DES CITOYENS,SOC,20735,O,MOSCHETTI,LOUIS,CANDIDAT DU GROUPEMENT DES ELUS DE L'UDF,UDF,19408,N,,,,,,
70,HAUTE-SAONE,3,51753,37880,34954,"73,19%",JEANNENEY,JEAN-NOEL,"CANDIDAT DE L'ASSOCIATION PARTI SOCIALISTE, MOUVEMENT DES RADICAUX DE GAUCHE ET APPARENTES",MAJ,14051,N,LEGRAS,PHILIPPE,RASSEMBLEMENT POUR LA REPUBLIQUE,RPR,20903,O,,,,,,
71,SAONE-ET-LOIRE,1,60992,26370,18462,"43,24%",VOISIN,GERARD,GROUPEMENT DES ELUS DE L'UNION POUR LA DEMOCRATIE FRANCAISE,UDF,18462,O,,,,,,,,,,,,
71,SAONE-ET-LOIRE,3,68661,49674,46441,"72,35%",ANCIAUX,JEAN-PAUL,RASSEMBLEMENT POUR LA REPUBLIQUE,RPR,24804,O,BILLARDON,ANDRE,PARTI SOCIALISTE,SOC,21637,N,,,,,,
71,SAONE-ET-LOIRE,4,63503,42457,39373,"66,86%",MATHUS,DIDIER,PARTI SOCIALISTE,SOC,19796,O,THOMAS,MICHEL,,RPR,19577,N,,,,,,
72,SARTHE,1,65779,40837,35025,"62,08%",CHASSEGUET,GERARD,RASSEMBLEMENT POUR LA REPUBLIQUE,RPR,16629,N,HELLIER,PIERRE,PARTI REPUBLICAIN,UDF,18396,O,,,,,,
72,SARTHE,2,79324,52068,47857,"65,64%",DOUYERE,RAYMOND,PARTI SOCIALISTE,SOC,22863,N,GEVEAUX,JEAN-MARIE,RASSEMBLEMENT POUR LA REPUBLIQUE,RPR,24994,O,,,,,,
72,SARTHE,3,77845,55957,52302,"71,88%",CHAUVEAU,GUV-MICHEL,PARTI SOCIALISTE,SOC,23244,N,JOLY,ANTOINE,RASSEMBLEMENT POUR LA REPUBLIQUE,RPR,29058,O,,,,,,
72,SARTHE,5,81452,57166,53902,"70,18%",BOULARD,JEAN-CLAUDE,PARTI SOCIALISTE,SOC,22485,N,GASCHER,PIERRE,,DVD,31417,O,,,,,,
73,SAVOIE,1,86314,59569,55843,"69,01%",CALLOUD,JEAN-PAUL,PARTI SOCIALISTE,SOC,27420,N,FERRARI,GRATIEN,GROUPEMENT DES ELUS DE L'UDF,UDF,28423,O,,,,,,
73,SAVOIE,3,83136,56118,52450,"67,5%",BOUVARD,MICHEL,RASSEMBLEMENT POUR LA REPUBLIQUE,RPR,28722,O,RINCHET,ROGER,PARTI SOCIALISTE,SOC,23728,N,,,,,,
74,HAUTE-SAVOIE,1,77505,46718,38433,"60,28%",ACCOYER,BERNARD,,RPR,19983,O,CARLE,JEAN-CLAUDE,,UDF,18450,N,,,,,,
74,HAUTE-SAVOIE,2,68220,42792,36590,"62,73%",BOSSON,BERNARD,,UDF,27388,O,LANDRIVON,MICHEL,FRONT NATIONAL,FRN,9202,N,,,,,,
74,HAUTE-SAVOIE,3,67838,43154,37785,"63,61%",MARTIN,DOMINIQUE,FRONT NATIONAL,FRN,13905,N,MEYLAN,MICHEL,,UDF,23880,O,,,,,,
74,HAUTE-SAVOIE,4,71763,44504,41741,"62,02%",BIRRAUX,CLAUDE,,UDF,26177,O,BUET,JEAN-PIERRE,,MAJ,15564,N,,,,,,
74,HAUTE-SAVOIE,5,83256,49094,40925,"58,97%",MAZEAUD,PIERRE,,RPR,23937,O,VIVIEN,MICHEL,,DVD,16988,N,,,,,,
75,PARIS,1,58416,35305,33401,"60,44%",BERTINOTTI,DOMINIQUE,PARTI SOCIALISTE,SOC,14768,N,DOMINATI,LAURENT,UNION POUR LA FRANCE,UDF,18633,O,,,,,,
75,PARIS,5,42679,25433,23671,"59,59%",MARCUS,CLAUDE-GERARD,UNION POUR LA FRANCE,RPR,13690,O,ROUSSEL,MICHEL,PARTI SOCIALISTE,SOC,9981,N,,,,,,
75,PARIS,6,56524,35911,34075,"63,53%",CUILLE,ANNE,UNION POUR LA FRANCE,RPR,15901,N,SARRE,GEORGES,PARTI SOCIALISTE,SOC,18174,O,,,,,,
75,PARIS,7,56721,35656,33641,"62,86%",BLOCHE,PATRICK,,SOC,14731,N,DEVAQUET,ALAIN,UNION POUR LA FRANCE,RPR,18910,O,,,,,,
75,PARIS,8,63464,40742,37753,"64,2%",CHEVAILLIER,ERIC,PARTI SOCIALISTE,SOC,14453,N,DE GAULLE,JEAN,UNION POUR LA FRANCE,RPR,23300,O,,,,,,
75,PARIS,9,52190,34545,32359,"66,19%",COUDERC,ANNE-MARIE,UNION POUR LA FRANCE,RPR,16857,O,LE GUEN,JEAN-MARIE,,SOC,15502,N,,,,,,
75,PARIS,10,59156,39206,36990,"66,28%",BLISKO,SERGE,,SOC,16149,N,TOUBON,JACQUES,UNION POUR LA FRANCE,RPR,20841,O,,,,,,
75,PARIS,11,55228,35435,33432,"64,16%",CASTAGNOU,PIERRE,,SOC,14305,N,CATALA,NICOLE,UNION POUR LA FRANCE,RPR,19127,O,,,,,,
75,PARIS,17,52463,31515,29584,"60,07%",DAVANT,YVETTE,PARTI SOCIALISTE,SOC,11601,N,DE PANAFIEU,FRANCOISE,UNION POUR LA FRANCE,RPR,17983,O,,,,,,
75,PARIS,18,54269,33496,31355,"61,72%",CARESCHE,CHRISTOPHE,PARTI SOCIALISTE,SOC,12708,N,JUPPE,ALAIN,UNION POUR LA FRANCE,RPR,18647,O,,,,,,
75,PARIS,19,41825,25377,23555,"60,67%",PIERRE-BLOCH,JEAN-PIERRE,UNION POUR LA FRANCE,UDF,12262,O,VAILLANT,DANIEL,,SOC,11293,N,,,,,,
75,PARIS,20,56216,35696,33384,"63,5%",CAMBADELIS,JEAN-CHRISTOPHE,PARTI SOCIALISTE,SOC,16462,N,FERON,JACQUES,UNION POUR LA FRANCE,RPR,16922,O,,,,,,
75,PARIS,21,65997,42433,39908,"64,3%",BARIANI,DIDIER,UNION POUR LA FRANCE,UDF,21388,O,CHARZAT,MICHEL,PARTI SOCIALISTE,SOC,18520,N,,,,,,
76,SEINE-MARITIME,1,57754,38204,35943,"66,15%",BEREGOVOY,MICHEL,ALLIANCE DES FRANCAIS POUR LE PROGRES,SOC,13867,N,BONVOISIN,JEANINE,GROUPEMENT DES ELUS DE L'UDF,UDF,22076,O,,,,,,
76,SEINE-MARITIME,2,77888,53896,50161,"69,2%",ALBERTINI,PIERRE,CANDIDAT UDF DE L'UNION UDF-RPR,UDF,29209,O,GAMBIER,DOMINIQUE,ALLIANCE DES FRANCAIS POUR LE PROGRES,SOC,20952,N,,,,,,
76,SEINE-MARITIME,3,56656,38588,35694,"68,11%",CRAMOISAN,SERGE,,UDF,14864,N,GRANDPIERRE,MICHEL,CANDIDAT DU RASSEMBLEMENT ET DES FORCES DE PROGRES,COM,20830,O,,,,,,
76,SEINE-MARITIME,4,69087,49325,44475,"71,4%",BALDENWECK,MICHEL,CANDIDAT UDF,UDF,21328,N,FABIUS,LAURENT,CANDIDAT DU PARTI SOCIALISTE,SOC,23147,O,,,,,,
76,SEINE-MARITIME,5,81058,58642,54686,"72,35%",BATEUX,JEAN-CLAUDE,ALLIANCE DES FRANCAIS POUR LE PROGRES,SOC,28368,O,LABOURE,DANIEL,CANDIDAT DU RPR ET DE L'UDF (OPPOSITION NATIONALE),RPR,26318,N,,,,,,
76,SEINE-MARITIME,6,73878,51119,47529,"69,19%",DHAILLE,PAUL,ALLIANCE DES FRANCAIS POUR LE PROGRES,SOC,23185,N,MERVILLE,DENIS,,RPR,24344,O,,,,,,
76,SEINE-MARITIME,7,60684,36129,28889,"59,54%",BLOT,DANIEL,"FRONT NATIONAL, LES FRANCAIS D'ABORD",FRN,7190,N,RUFENACHT,ANTOINE,,RPR,21699,O,,,,,,
76,SEINE-MARITIME,8,55862,35461,32956,"63,48%",CAHIERRE,AGATHE,,UDF,15020,N,COLLIARD,DANIEL,CANDIDAT DU RASSEMBLEMENT ET DES FORCES DE PROGRES,COM,17936,O,,,,,,
76,SEINE-MARITIME,9,74756,56429,53839,"75,48%",BREDIN,FREDERIQUE,ALLIANCE DES FRANCAIS POUR LE PROGRES,SOC,24895,N,REVET,CHARLES,GROUPEMENT DES ELUS DE L'UNION POUR LA DEMOCRATIE FRANCAISE,UDF,28854,O,,,,,,
76,SEINE-MARITIME,10,73751,55191,52223,"74,83%",LEDUC,JEAN-MARIE,,SOC,22930,N,TRASSY-PAILLOGUES,ALFRED,,RPR,29293,O,,,,,,
76,SEINE-MARITIME,11,71788,50576,46935,"70,45%",BEAUFILS,JEAN,ALLIANCE DES FRANCAIS POUR LE PROGRES,SOC,20375,N,LEVEAU,EDOUARD,,RPR,26560,O,,,,,,
76,SEINE-MARITIME,12,66151,50531,48213,"76,39%",BLOT,PIERRE,,RPR,21327,N,LE VERN,ALAIN,ALLIANCE DES FRANCAIS POUR LE PROGRES,SOC,26886,O,,,,,,
77,SEINE-ET-MARNE,1,77360,50479,46768,"65,25%",MIGNON,JEAN-CLAUDE,RASSEMBLEMENT POUR LA REPUBLIQUE,RPR,29872,O,MOUTON,JEAN-LOUIS,PARTI SOCIALISTE,SOC,16896,N,,,,,,
77,SEINE-ET-MARNE,3,68914,42158,34799,"61,17%",HYEST,JEAN-JACQUES,UNION POUR LA DEMOCRATIE FRANCAISE,UDF,24258,O,PROST,JACQUES,FRONT NATIONAL,FRN,10541,N,,,,,,
77,SEINE-ET-MARNE,4,70931,45512,37841,"64,16%",GERARD,JACQUES,FRONT NATIONAL,FRN,12232,N,PEYREFITTE,ALAIN,RASSEMBLEMENT POUR LA REPUBLIQUE,RPR,25609,O,,,,,,
77,SEINE-ET-MARNE,5,71667,45607,37645,"63,64%",DRUT,GUY,RASSEMBLEMENT POUR LA REPUBLIQUE,RPR,26432,O,JAGGI,JACQUES,FRONT NATIONAL,FRN,11213,N,,,,,,
77,SEINE-ET-MARNE,6,68352,41984,33934,"61,42%",JALKH,JEAN-FRANCOIS,FRONT NATIONAL,FRN,12124,N,QUILLET,PIERRE,RASSEMBLEMENT POUR LA REPUBLIQUE,RPR,21810,O,,,,,,
77,SEINE-ET-MARNE,7,75977,45893,36694,"60,4%",COVA,CHARLES,RASSEMBLEMENT POUR LA REPUBLIQUE,RPR,25004,O,PRILLARD,PIERRE-JEAN,FRONT NATIONAL,FRN,11690,N,,,,,,
77,SEINE-ET-MARNE,8,77169,51090,47826,"66,21%",FOURRE,JEAN-PIERRE,PARTI SOCIALISTE,SOC,22530,N,JEFFRAY,GERARD,UNION POUR LA DEMOCRATIE FRANCAISE,UDF,25296,O,,,,,,
77,SEINE-ET-MARNE,9,81887,55500,50624,"67,78%",COGNAT,JEAN-PIERRE,RASSEMBLEMENT POUR LA REPUBLIQUE,RPR,27345,O,HEUCLIN,JACQUES,PARTI SOCIALISTE,SOC,23279,N,,,,,,
78,YVELINES,1,80387,54281,50893,"67,52%",NADAUS,ROLAND,"ASSOCIATION PARTI SOCIALISTE, MOUVEMENT DES RADICAUX DE GAUCHE ET APPARENTES",SOC,16610,N,PINTE,ETIENNE,RASSEMBLEMENT POUR LA REPUBLIQUE,RPR,34283,O,,,,,,
78,YVELINES,2,71237,47517,44306,"66,7%",BOROTRA,FRANCK,RASSEMBLEMENT POUR LA REPUBLIQUE,RPR,29790,O,GRIBE,ALAIN,ASSOCIATION PARTI SOCIALISTE MOUVEMENT DES RADICAUX DE GAUCHE ET APPARENTES,SOC,14516,N,,,,,,
78,YVELINES,3,66951,31386,23489,"46,88%",TENAILLON,PAUL-LOUIS,"UNION POUR LA FRANCE, GROUPEMENT DES ELUS DE L'UNION POUR LA DEMOCRATIE FRANCAISE",UDF,23489,O,,,,,,,,,,,,
78,YVELINES,5,65414,39516,33104,"60,41%",MYARD,JACQUES,RASSEMBLEMENT POUR LA REPUBLIQUE,RPR,18097,O,WETZEL,LAURENT,GROUPEMENT DES ELUS DE L'UNION POUR LA DEMOCRATIE FRANCAISE,UDF,15007,N,,,,,,
78,YVELINES,7,65725,48354,46169,"73,57%",CARDO,PIERRE,"UNION POUR LA FRANCE, GROUPEMENT DES ELUS DE L'UNION POUR LA DEMOCRATIE FRANCAISE",UDF,24399,O,ROCARD,MICHEL,"ASSOCIATION PARTI SOCIALISTE, MOUVEMENT DES RADICAUX DE GAUCHE ET APPARENTES",SOC,21770,N,,,,,,
78,YVELINES,8,,,,0%,BEDIER,PIERRE,RASSEMBLEMENT POUR LA REPUBLIQUE,RPR,,O,D'ANDRE,JEAN-LOUIS,"FRONT NATIONAL, LES FRANCAIS D'ABORD",FRN,,N,,,,,,
78,YVELINES,9,74258,49124,41123,"66,15%",BAYVET,MICHEL,"FRONT NATIONAL, LES FRANCAIS D'ABORD",FRN,13239,N,CUQ,HENRI,RASSEMBLEMENT POUR LA REPUBLIQUE,RPR,27884,O,,,,,,
78,YVELINES,10,87462,60573,56076,"69,26%",BEAUGENDRE,ANNE-ANDREE,"ASSOCIATION DU PARTI SOCIALISTE, MOUVEMENT DES RADICAUX DE GAUCHE ET APPARENTES",SOC,19905,N,BOUTIN,CHRISTINE,GROUPEMENT DES ELUS DE L'UNION POUR LA DEMOCRATIE FRANCAISE,UDF,36171,O,,,,,,
78,YVELINES,11,50416,34397,31832,"68,23%",FOURGOUS,JEAN-MICHEL,RASSEMBLEMENT POUR LA REPUBLIQUE,RPR,16224,O,MALANDAIN,GUY,ASSOCIATION PARTI SOCIALISTE ET MOUVEMENT DES RADICAUX DE GAUCHE ET APPARENTES,SOC,15608,N,,,,,,
78,YVELINES,12,62251,42246,39366,"67,86%",MASDEU-ARUS,JACQUES,RASSEMBLEMENT POUR LA REPUBLIQUE,RPR,23899,O,TRENTAROSSI,MARIE-ANNICK,ASSOCIATION PARTI SOCIALISTE MOUVEMENT DES RADICAUX DE GAUCHE ET APPARENTES,SOC,15467,N,,,,,,
79,DEUX-SEVRES,1,59339,41532,39167,"69,99%",BELLEC,BERNARD,PARTI SOCIALISTE,SOC,15371,N,BROSSARD,JACQUES,CANDIDAT INVESTI PAR L'UDF,UDF,23796,O,,,,,,
79,DEUX-SEVRES,2,68306,51474,49466,"75,36%",MOREAU,LEOPOLD,CANDIDAT INVESTI PAR L'UDF,UDF,23029,N,ROYAL,SEGOLENE,PARTI SOCIALISTE,SOC,26437,O,,,,,,
79,DEUX-SEVRES,4,67797,32528,24474,"47,98%",PAILLE,DOMINIQUE,CANDIDAT INVESTI PAR L'UDF,UDF,24474,O,,,,,,,,,,,,
80,SOMME,1,56697,38952,35360,"68,7%",BOULY,JEAN,CANDIDAT INVESTI PAR L'UPF,UDF,17565,O,GREMETZ,MAXIME,PARTI COMMUNISTE FRANCAIS,COM,17795,N,,,,,,
80,SOMME,2,61405,40483,33823,"65,93%",DE ROBIEN,GILLES,CANDIDAT INVESTI PAR L'UPF,UDF,25732,O,PAYET,LIONEL,FRONT NATIONAL,FRN,8091,N,,,,,,
80,SOMME,3,65134,51921,48305,"79,71%",BIGNON,JEROME,"REMPLACANT DU SENATEUR JACQUES MOSSION, CANDIDAT INVESTI PAR L'UPF",RPR,26438,O,PECQUERY,JACQUES,PARTI COMMUNISTE FRANCAIS,COM,21867,N,,,,,,
80,SOMME,4,69245,52217,48103,"75,41%",BECO,JACQUES,PARTI SOCIALISTE,SOC,19110,N,HART,JOEL,CANDIDAT INVESTI PAR L'UPF,RPR,28993,O,,,,,,
80,SOMME,6,70465,54107,51084,"76,79%",FLEURY,JACQUES,PARTI SOCIALISTE,SOC,24012,N,GEST,ALAIN,CANDIDAT INVESTI PAR L'UPF,UDF,27072,O,,,,,,
81,TARN,1,56788,43687,40186,"76,93%",CANAC,RICHARD,UNION POUR LA DEMOCRATIE FRANCAISE,UDF,18596,N,QUILES,PAUL,PARTI SOCIALISTE,SOC,21590,O,,,,,,
81,TARN,2,71660,53822,49765,"75,11%",BONNECARRERE,PHILIPPE,RASSEMBLEMENT POUR LA REPUBLIQUE,RPR,27635,O,PISTRE,CHARLES,,SOC,22130,N,,,,,,
81,TARN,3,58734,42853,39200,"72,96%",LIMOUZY,JACQUES,RASSEMBLEMENT POUR LA REPUBLIQUE,RPR,23512,O,RAYNAUD,BERNARD,MOUVEMENT DES RADICAUX DE GAUCHE,RDG,15688,N,,,,,,
81,TARN,4,69337,54828,50863,"79,07%",ALQUIER,JACQUELINE,PARTI SOCIALISTE,SOC,22221,N,CARAYON,BERNARD,RASSEMBLEMENT POUR LA REPUBLIQUE,RPR,28642,O,,,,,,
82,TARN-ET-GARONNE,1,74221,57393,53552,"77,33%",CAVE,JEAN-PIERRE,GROUPEMENT DES ELUS UDF ,UDF,31204,O,GOUZE,HUBERT,ALLIANCE DES FRANCAIS POUR LE PROGRES,SOC,22348,N,,,,,,
82,TARN-ET-GARONNE,2,75167,58074,53696,"77,26%",BAYLET,JEAN-MICHEL,PS-MRG ET APPARENTES,RDG,23771,N,BRIAT,JACQUES,UNION DE L'OPPOSITION UDF-RPR,UDF,29925,O,,,,,,
83,VAR,1,53727,32472,28328,"60,44%",COLIN,DANIEL,CANDIDAT DU PARTI REPUBLICAIN INVESTI PAR L'UDF ,UDF,17277,O,LE CHEVALLIER,JEAN-MARIE,FRONT NATIONAL,FRN,11051,N,,,,,,
83,VAR,2,55789,33927,28803,"60,81%",COLOMBANI,LOUIS,CANDIDAT DU PARTI REPUBLICAIN INVESTI PAR L'UDF,UDF,17490,O,LUNARDELLI,JEAN-CLAUDE,FRONT NATIONAL,FRN,11313,N,,,,,,
83,VAR,3,91498,59200,50530,"64,7%",GERARDIN,JEAN-JACQUES,FRONT NATIONAL,FRN,13233,N,PIAT,YANN,CANDIDAT DU PARTI REPUBLICAIN INVESTI PAR L'UDF,UDF,21427,O,SERCIA,JOSEPH,SANS ETIQUETTE ,DVD,15870,N
83,VAR,4,90385,59611,48404,"65,95%",BOUGUEREAU,JEAN-LOUIS,FRONT NATIONAL ,FRN,15811,N,COUVE,JEAN-MICHEL,RASSEMBLEMENT POUR LA REPUBLIQUE,RPR,32593,O,,,,,,
83,VAR,5,81848,52924,45434,"64,66%",FERRUA,SYLVAIN,FRONT NATIONAL,FRN,14660,N,LEOTARD,FRANCOIS,CANDIDAT DU PARTI REPUBLICAIN INVESTI PAR L'UDF,UDF,30774,O,,,,,,
83,VAR,6,111610,74116,60613,"66,41%",FALCO,HUBERT,INVESTI PAR L'UDF,UDF,43382,O,LESIEUR,MONIQUE,FRONT NATIONAL,FRN,17231,N,,,,,,
83,VAR,7,94552,54984,46260,"58,15%",LECOCQ,CLAUDE,FRONT NATIONAL,FRN,16037,N,PAECHT,ARTHUR,CANDIDAT DU PARTI REPUBLICAIN INVESTI PAR L'UDF,UDF,30223,O,,,,,,
84,VAUCLUSE,1,68165,44987,36972,66%,BOMPARD,JACQUES,"FRONT NATIONAL, LES FRANCAIS D'ABORD",FRN,14997,N,ROIG,MARIE-JOSEE,RASSEMBLEMENT POUR LA REPUBLIQUE CANDIDAT INVESTI PAR L'UPF,RPR,21975,O,,,,,,
84,VAUCLUSE,2,98108,72545,68557,"73,94%",BOREL,ANDRE,"ASSOCIATION PARTI SOCIALISTE, MOUVEMENT DES RADICAUX DE GAUCHE ET APPARENTES",SOC,26164,N,DE LA TOCNAYE,THIBAUT,"FRONT NATIONAL, LES FRANCAIS D'ABORD",FRN,13112,N,ROUSSET-ROUARD,YVES,UNION DE LA DEMOCRATIE FRANCAISE CANDIDAT INVESTI PAR L'UPF,UDF,29281,O
84,VAUCLUSE,3,79442,54112,44091,"68,12%",FERRAND,JEAN-MICHEL,"RASSEMBLEMENT POUR LA REPUBLIQUE, CANDIDAT INVESTI PAR L'UPF ",RPR,29783,O,MACARY,GUY,"FRONT NATIONAL, LES FRANCAIS D'ABORD ",FRN,14308,N,,,,,,
84,VAUCLUSE,4,71882,54778,51989,"76,21%",BOMPARD,MARIE-CLAUDE,"FRONT NATIONAL, LES FRANCAIS D'ABORD",FRN,8854,N,GATEL,JEAN,"ASSOCIATION PARTI SOCIALISTE, MOUVEMENT DES RADICAUX DE GAUCHE ET APPARENTES ",SOC,17712,N,MARIANI,THIERRY,RASSEMBLEMENT POUR LA REPUBLIQUE CANDIDAT INVESTI PAR L'UPF,RPR,25423,O
85,VENDEE,3,83560,53921,56335,"64,53%",FRAISSE,JACQUES,PARTI SOCIALISTE,SOC,17514,N,GUEDON,LOUIS,,RPR,32821,O,,,,,,
85,VENDEE,5,73580,52260,49226,"71,02%",REMAUD,JEAN-CLAUDE,PARTI SOCIALISTE ,SOC,19529,N,SARLOT,JOEL,,UDF,29697,O,,,,,,
86,VIENNE,1,69302,50157,47256,"72,37%",DUBOC,ERIC,,UDF,25695,O,SANTROT,JACQUES,"ASSOCIATION PARTI SOCIALISTE, MOUVEMENT DES RADICAUX DE GAUCHE ET APPARENTES",SOC,21561,N,,,,,,
86,VIENNE,3,69399,37345,24764,"53,81%",LEPERCQ,ARNAUD,,RPR,24764,O,,,,,,,,,,,,
86,VIENNE,4,73829,51124,46622,"69,25%",ABELIN,JEAN-PIERRE,,UDF,27014,O,MONJALON,GUY,"ASSOCIATION PARTI SOCIALISTE, MOUVEMENT DES RADICAUX DE GAUCHE ET APPARENTES",SOC,19608,N,,,,,,
87,HAUTE-VIENNE,1,52951,40893,37371,"77,23%",MARSAUD,ALAIN,RASSEMBLEMENT POUR LA REPUBLIQUE PRESIDENT-DIRECTEUR GENERAL,RPR,22694,O,SAVY,ROBERT,PARTI SOCIALISTE,SOC,14677,N,,,,,,
87,HAUTE-VIENNE,2,72620,56578,52088,"77,91%",GUILHEM,EVELYNE,RASSEMBLEMENT POUR LA REPUBLIQUE RESPONSABLE LOGISTIQUE,RPR,26670,O,PEYRONNET,JEAN-CLAUDE,PARTI SOCIALISTE DIRECTEUR ADJOINT DE L'ECOLE DE REEDUCATION PROFESSIONNELLE LIMOGES,SOC,25418,N,,,,,,
87,HAUTE-VIENNE,3,67538,50776,46307,"75,18%",BROUILLE,BERNARD,PARTI SOCIALISTE,SOC,21613,N,FAURE,JACQUES-MICHEL,RASSEMBLEMENT POUR LA REPUBLIQUE SERVICE,RPR,24694,O,,,,,,
87,HAUTE-VIENNE,4,69709,53011,47660,"76,05%",GEUTIER,CAMILLE,RASSEMBLEMENT POUR LA REPUBLIQUE,RPR,22420,N,RODET,ALAIN,PARTI SOCIALISTE,SOC,25240,O,,,,,,
88,VOSGES,2,71688,52778,49689,"73,62%",CHERPION,GERARD,,DVD,25050,O,PIERRET,CHRISTIAN,"PARTI SOCIALISTE, MOUVEMENT DES RADICAUX DE GAUCHE ET APPARENTES",SOC,24639,N,,,,,,
88,VOSGES,3,64752,45849,42526,"70,81%",VANNSON,FRANCOIS,,DVD,23238,O,VAXELAIRE,GUY,"PARTI SOCIALISTE, MOUVEMENT DES RADICAUX DE GAUCHE ET APPARENTES",SOC,19288,N,,,,,,
88,VOSGES,4,68610,46975,38963,"68,47%",CABLE,JACQUES,,DVD,17857,N,THOMAS,JEAN-PIERRE,"RASSEMBLEMENT POUR LA REPUBLIQUE, UNION POUR LA DEMOCRATIE FRANCAISE",UDF,21106,O,,,,,,
89,YONNE,1,73158,48104,42556,"65,75%",BORDIER,PIERRE,,UDF,15737,N,SOISSON,JEAN-PIERRE,,MAJ,26819,O,,,,,,
89,YONNE,2,71824,50057,45971,"69,69%",NALLET,HENRI,,SOC,19928,N,VAN HAECKE,YVES,,RPR,26043,O,,,,,,
89,YONNE,3,81416,53755,43623,"66,03%",AUBERGER,PHILIPPE,,RPR,29662,O,PERES,PIERRE,FRONT NATIONAL,FRN,13961,N,,,,,,
90,TERRITOIRE DE BELFORT,1,41673,30889,28887,"74,12%",FORNI,RAYMOND,PARTI SOCIALISTE,SOC,14043,N,ROSSELOT,JEAN,RASSEMBLEMENT POUR LA REPUBLIQUE ,RPR,14844,O,,,,,,
90,TERRITOIRE DE BELFORT,2,45377,33710,31030,"74,29%",BICHET,JACQUES,UNION POUR LA DEMOCRATIE FRANCAISE ,UDF,13501,N,CHEVENEMENT,JEAN-PIERRE,,SOC,17529,O,,,,,,
91,ESSONNE,1,58150,39226,36198,"67,46%",GUYARD,JACQUES,"ASSOCIATION PARTI SOCIALISTE, MOUVEMENT DES RADICAUX DE GAUCHE ET APPARENTES",SOC,18166,O,MARCILLE,HENRY,RASSEMBLEMENT POUR LA REPUBLIQUE,DVD,18032,N,,,,,,
91,ESSONNE,2,69917,46047,37008,"65,86%",DE MESMAY,HUBERT,"FRONT NATIONAL, LES FRANCAIS D'ABORD",FRN,10707,N,DUGOIN,XAVIER,RASSEMBLEMENT POUR LA REPUBLIQUE,RPR,26301,O,,,,,,
91,ESSONNE,3,78871,56023,51942,"71,03%",DE BOISHUE,JEAN,RASSEMBLEMENT POUR LA REPUBLIQUE,RPR,28224,O,TAVERNIER,YVES,"ASSOCIATION PARTI SOCIALISTE, MOUVEMENT DES RADICAUX DE GAUCHE ET APPARENTES",SOC,23718,N,,,,,,
91,ESSONNE,4,69370,48354,44720,"69,7%",COCHARD,ERIC,"PARTI SOCIALISTE, MOUVEMENT DES RADICAUX DE GAUCHE ET APPARENTES RESPONSABLE",SOC,18160,N,WILTZER,PIERRE-ANDRE,UNION POUR LA DEMOCRATIE FRANCAISE,UDF,26560,O,,,,,,
91,ESSONNE,5,60106,42781,40167,"71,18%",LORIDANT,PAUL,"PARTI SOCIALISTE,MOUVEMENT DES RADICAUX DE GAUCHE ET APPARENTES",SOC,17611,N,PELCHAT,MICHEL,GROUPEMENT DES ELUS DE L'UDF,UDF,22556,O,,,,,,
91,ESSONNE,6,68103,46816,43388,"68,74%",GERMON,CLAUDE,"ASSOCIATION PARTI SOCIALISTE, MOUVEMENT DES RADICAUX DE GAUCHE ET APPARENTES",SOC,19844,N,MOIRIN,ODILE,RASSEMBLEMENT POUR LA REPUBLIQUE,RPR,23544,O,,,,,,
91,ESSONNE,7,67775,47344,44494,"69,85%",LIENEMANN,MARIE-NOELLE,"ASSOCIATION PARTI SOCIALISTE, MOUVEMENT DES RADICAUX DE GAUCHE ET APPARENTES",SOC,19893,N,MARSAUDON,JEAN,RASSEMBLEMENT POUR LA REPUBLIQUE,RPR,24601,O,,,,,,
91,ESSONNE,8,69903,46597,42657,"66,66%",BERSON,MICHEL,"PARTI SOCIALISTE, MOUVEMENT DES RADICAUX DE GAUCHE ET APPARENTES",SOC,22681,O,JOSSE,ALAIN,RASSEMBLEMENT POUR LA REPUBLIQUE,RPR,19976,N,,,,,,
91,ESSONNE,9,66526,45945,43456,"69,06%",MANDON,THIERRY,"PARTI SOCIALISTE, MOUVEMENT DES RADICAUX DE GAUCHE ET APPARENTES",SOC,20107,N,TRON,GEORGES,RASSEMBLEMENT POUR LA REPUBLIQUE,RPR,23349,O,,,,,,
91,ESSONNE,10,56094,37840,35257,"67,46%",CHARRIN,ANTOINE,MOUVEMENT DES ELUS DE L'UDF,UDF,17502,N,DRAY,JULIEN,"ASSOCIATION DU PARTI SOCIALISTE, MOUVEMENT DES RADICAUX DE GAUCHE ET APPARENTES",SOC,17755,O,,,,,,
92,HAUTS-DE-SEINE,1,57376,36841,34839,"64,21%",BRUNHES,JACQUES,RASSEMBLEMENT DES FORCES DE PROGRES PRESENTE PAR LE PARTI COMMUNISTE FRANCAIS ET DES PERSONNALITES D'OPINIONS DIVERSES,COM,18929,O,PREVOT,ROGER,,UDF,15910,N,,,,,,
92,HAUTS-DE-SEINE,2,55632,33483,28028,"60,19%",TAITTINGER,FRANTZ,,DVD,15980,O,TRANCHANT,GEORGES,,RPR,12048,N,,,,,,
92,HAUTS-DE-SEINE,3,62793,41728,39159,"66,45%",HABY,JEAN-YVES,PDG DE SOCIETE,UDF,25348,O,ROUSSEL,PIERRE,,SOC,13811,N,,,,,,
92,HAUTS-DE-SEINE,4,59298,41508,39379,70%,DUPUY,CHRISTIAN,,RPR,20714,O,FRAYSSE,JACQUELINE,POUR LE RASSEMBLEMENT DES FORCES DE PROGRES PRESENTEE PAR LE PARTI COMMUNISTE FRANCAIS SOUTENUE PAR LES PERSONNALITES DE NANTERRE ET SURESNES,COM,18665,N,,,,,,
92,HAUTS-DE-SEINE,5,52564,35087,32628,"66,75%",BALKANY,PATRICK,CANDIDAT D'UNION RPR-UDF (UNION POUR LA FRANCE),RPR,18907,O,CATOIRE,GILLES,,SOC,13721,N,,,,,,
92,HAUTS-DE-SEINE,8,64726,32593,21260,"50,36%",GUILLET,JEAN-JACQUES,,RPR,21260,O,,,,,,,,,,,,
92,HAUTS-DE-SEINE,10,53411,34578,32527,"64,74%",BITON,MARLENE,,SOC,12285,N,SANTINI,ANDRE,,UDF,20242,O,,,,,,
92,HAUTS-DE-SEINE,11,63341,41466,39026,"65,46%",JAMBU,JANINE,RASSEMBLEMENT POUR UNE POLITIQUE NOUVELLE PRESENTE PAR LE PARTI COMMUNISTE FRANCAIS,COM,20896,O,ROBERT,ALAIN,,RPR,18130,N,,,,,,
92,HAUTS-DE-SEINE,12,74818,50261,47190,"67,18%",BUCHET,PASCAL,,SOC,19534,N,FOUCHER,JEAN-PIERRE,UNION POUR LA FRANCE,UDF,27656,O,,,,,,
92,HAUTS-DE-SEINE,13,80433,54720,51197,"68,03%",DEVEDJIAN,PATRICK,RPR/UDF (UNION POUR LA FRANCE),RPR,30333,O,MERLE,JEAN-FRANCOIS,,SOC,20864,N,,,,,,
93,SEINE-SAINT-DENIS,1,49588,30310,28155,"61,12%",ANDROS,JOSIANE,PARTI COMMUNISTE FRANCAIS ,COM,13525,N,BETEILLE,RAOUL,UNION POUR LA FRANCE,DVD,14630,O,,,,,,
93,SEINE-SAINT-DENIS,2,48332,29926,27534,"61,92%",BRAOUEZEC,PATRICK,PARTI COMMUNISTE FRANCAIS,COM,17022,O,TIMMERMANS,FRANCK,FRONT NATIONAL,FRN,10512,N,,,,,,
93,SEINE-SAINT-DENIS,3,50378,30233,28663,"60,01%",GAILLAND,FREDERIC,UNION DE L'OPPOSITION,UDF,13139,N,JACOUAINT,MUGUETTE,PARTI COMMUNISTE FRANCAIS,COM,15524,O,,,,,,
93,SEINE-SAINT-DENIS,4,43866,28386,26913,"64,71%",PIERNA,LOUIS,PARTI COMMUNISTE FRANCAIS,COM,14137,O,VEYSSIERE,ANDRE,RASSEMBLEMENT POUR LA REPUBLIQUE,RPR,12776,N,,,,,,
93,SEINE-SAINT-DENIS,5,54084,38895,31197,"71,92%",GAYSSOT,JEAN-CLAUDE,PARTI COMMUNISTE FRANCAIS,COM,19952,O,PERSONNAZ,MICHEL,FRONT NATIONAL,FRN,11245,N,,,,,,
93,SEINE-SAINT-DENIS,6,57144,36249,33619,"63,43%",BARTOLONE,CLAUDE,PARTI SOCIALISTE,SOC,17330,O,SALLES,JEAN-JACK,GROUPEMENT DES ELUS DE L'UDF,UDF,16289,N,,,,,,
93,SEINE-SAINT-DENIS,7,45319,30408,28946,"67,1%",BRARD,JEAN-PIERRE,RASSEMBLEMENT DES CITOYENS POUR LE PROGRES,COM,15623,O,GAULIN,MARC,UNION POUR LA FRANCE,RPR,13323,N,,,,,,
93,SEINE-SAINT-DENIS,8,59329,35606,29389,"60,01%",BILD,MARTIAL,FRONT NATIONAL,FRN,8283,N,PANDRAUD,ROBERT,,RPR,21106,O,,,,,,
93,SEINE-SAINT-DENIS,9,55703,34642,32348,"62,19%",CALAIS,CHRISTIANE,UNION POUR LA DEMOCRATIE FRANCAISE,UDF,15404,N,NEIERTZ,VERONIQUE,PARTI SOCIALISTE,SOC,16944,O,,,,,,
93,SEINE-SAINT-DENIS,10,49025,28874,23560,"58,9%",ABRIOUX,JEAN-CLAUDE,UNION POUR LA FRANCE,RPR,14781,O,ROSET,MIREILLE,FRONT NATIONAL,FRN,8779,N,,,,,,
93,SEINE-SAINT-DENIS,11,52641,35269,33348,67%,ASENSI,FRANCOIS,PARTI COMMUNISTE FRANCAIS,COM,17630,O,OUDOT,JACQUES,UNION POUR LA FRANCE,RPR,15718,N,,,,,,
93,SEINE-SAINT-DENIS,12,57956,35165,28967,"60,68%",PEREA,GILBERT,FRONT NATIONAL,FRN,9215,N,RAOULT,ERIC,UNION POUR LA FRANCE,RPR,19752,O,,,,,,
93,SEINE-SAINT-DENIS,13,57030,38286,35792,"67,13%",DEMUYNCK,CHRISTIAN,UNION POUR LA FRANCE,RPR,18605,O,MAHEAS,JACQUES,PARTI SOCIALISTE,SOC,17187,N,,,,,,
94,VAL-DE-MARNE,1,52119,34455,32189,"66,11%",BEAUMONT,JEAN-LOUIS,UNION POUR LA FRANCE,UDF,20884,O,MAURIN,ANDRE,PARTI SOCIALISTE,SOC,11305,N,,,,,,
94,VAL-DE-MARNE,2,60451,38810,36374,"64,2%",BATAILLE,MARIE-MICHELLE,UNION POUR LA FRANCE ,RPR,15709,N,CATHALA,LAURENT,PARTI SOCIALISTE,SOC,20665,O,,,,,,
94,VAL-DE-MARNE,3,63069,43383,40216,"68,79%",SAVY,BERNARD,LES NOUVEAUX ECOLOGISTES DU RASSEMBLEMENT NATURE ET ANIMAUX,RPR,20061,N,SCHWARTZENBERG,ROGER-GERARD,"ALLIANCE DES FRANCAIS POUR LE PROGRES, PARTI SOCIALISTE",RDG,20155,O,,,,,,
94,VAL-DE-MARNE,4,61240,39702,33011,"64,83%",JEGOU,JEAN-JACQUES,UNION DES FRANCAIS,UDF,22144,O,SCHENARDI,JEAN-PIERRE,FRONT NATIONAL,FRN,10867,N,,,,,,
94,VAL-DE-MARNE,5,57757,37286,35082,"64,56%",BARGERO,JEAN-LOUIS,PARTI COMMUNISTE FRANCAIS,COM,13836,N,GIRAUD,MICHEL,UNION POUR LA FRANCE,RPR,21246,O,,,,,,
94,VAL-DE-MARNE,6,71829,46063,43075,"64,13%",BAYEURTE,LOUIS,PARTI COMMUNISTE FRANCAIS,COM,17081,N,VIVIEN,ROBERT-ANDRE,UNION POUR LA FRANCE,RPR,25994,O,,,,,,
94,VAL-DE-MARNE,7,53757,34991,32550,"65,09%",BESNARD,JEAN-LOUIS,PARTI SOCIALISTE,SOC,11599,N,NUNGESSER,ROLAND,UNION POUR LA FRANCE,RPR,20951,O,,,,,,
94,VAL-DE-MARNE,8,53386,33137,27243,"62,07%",GRIOTTERAY,ALAIN,UNION POUR LA FRANCE,UDF,20169,O,OLIVIER,PHILIPPE,FRONT NATIONAL,FRN,7074,N,,,,,,
94,VAL-DE-MARNE,9,46932,30245,27882,"64,44%",MERCIECA,PAUL,PARTI COMMUNISTE FRANCAIS,COM,15680,O,SAAL,FERNAND,UNION POUR LA FRANCE,UDF,12202,N,,,,,,
94,VAL-DE-MARNE,10,55321,36493,34252,"65,97%",LEFORT,JEAN-CLAUDE,PARTI COMMUNISTE FRANCAIS,COM,21173,O,TANGUY,JEAN-MICHEL,UNION POUR LA FRANCE,RPR,13079,N,,,,,,
94,VAL-DE-MARNE,11,53837,36821,34361,"68,39%",MARCHAIS,GEORGES,PARTI COMMUNISTE FRANCAIS,COM,18908,O,RICHARD,DANIEL,UNION DE L'OPPOSITION RPR-UDF,RPR,15453,N,,,,,,
94,VAL-DE-MARNE,12,58097,40273,37859,"69,32%",DELL'AGNOLA,RICHARD,UNION POUR LA FRANCE,RPR,20307,O,SEVE,PATRICK,PARTI SOCIALISTE ,SOC,17552,N,,,,,,
95,VAL-D'OISE,1,66877,44033,35670,"65,84%",HOUILLON,PHILIPPE,UNION POUR LA FRANCE UDF-RPR,UDF,23766,O,PHILIPPE,MARIE-THERESE,LES FRANCAIS D'ABORD FRONT NATIONAL,FRN,11904,N,,,,,,
95,VAL-D'OISE,2,86881,60485,56732,"69,62%",GOURMELEN,CHRISTIAN,"UNION POUR LA FRANCE, UDF-RPR",UDF,31473,O,RICHARD,ALAIN,,SOC,25259,N,,,,,,
95,VAL-D'OISE,3,72044,40795,30964,"56,63%",BARDET,JEAN,,RPR,16564,O,GALLAND,YVES,UNION POUR LA DEMOCRATIE,UDF,14400,N,,,,,,
95,VAL-D'OISE,4,68619,42531,34935,"61,98%",DELATTRE,FRANCIS,"UNION POUR LA DEMOCRATIE, UDF-RPR",UDF,25341,O,GUIDON,JEAN-PIERRE,LES FRANCAIS D'ABORD FRONT NATIONAL,FRN,9594,N,,,,,,
95,VAL-D'OISE,5,60527,40232,37808,"66,47%",MONTDARGENT,ROBERT,PARTI COMMUNISTE FRANCAIS,COM,17797,N,MOTHRON,GEORGES,,RPR,20011,O,,,,,,
95,VAL-D'OISE,6,64866,40811,34280,"62,92%",DELALANDE,JEAN-PIERRE,,RPR,24747,O,DUBOIS,JEAN-MICHEL,"FRONT NATIONAL, LES FRANCAIS D'ABORD",FRN,9533,N,,,,,,
95,VAL-D'OISE,7,72735,49167,45575,"67,6%",LAMONTAGNE,RAYMOND,,RPR,27130,O,LECUIR,MARIE-FRANCE,"ASSOCIATION PARTI SOCIALISTE, MOUVEMENT DES RADICAUX DE GAUCHE ET APPARENTES",SOC,18445,N,,,,,,
95,VAL-D'OISE,8,46670,29963,27978,"64,2%",LELLOUCHE,PIERRE,,RPR,14330,O,STRAUSS-KAHN,DOMINIQUE,PARTI SOCIALISTE,SOC,13648,N,,,,,,
95,VAL-D'OISE,9,54976,34195,27969,"62,2%",COTTINET,GILBERT,"FRONT NATIONAL, LES FRANCAIS D'ABORD",FRN,11004,N,PORCHER,MARCEL,,RPR,16965,O,,,,,,
971,GUADELOUPE,1,54614,25670,22970,47%,GIRARD,JEAN,,MAJ,8174,N,JALTON,FREDERIC,,COM,14796,O,,,,,,
971,GUADELOUPE,2,66463,29667,27532,"44,64%",CADOCE,MONA,,COM,12651,N,MOUTOUSSAMY,ERNEST,,MAJ,14881,O,,,,,,
971,GUADELOUPE,3,55676,28997,27219,"52,08%",CHAMMOUGON,PAUL-EDOUARD,,DVD,13744,O,LARIFLA,DOMINIQUE,,SOC,13475,N,,,,,,
972,MARTINIQUE,1,51037,30437,28887,"59,64%",LORDINOT,GUY,,MAJ,12679,N,TURINAY,ANICET,,DVD,16208,O,,,,,,
972,MARTINIQUE,2,53740,29906,28884,"55,65%",LISE,CLAUDE,,MAJ,13699,N,PETIT,PIERRE,,RPR,15185,O,,,,,,
972,MARTINIQUE,3,48871,22277,20208,"45,58%",DARSIERES,CAMILLE,,MAJ,11659,O,PULVAR,MARC,,REG,8549,N,,,,,,
972,MARTINIQUE,4,77806,41115,38378,"52,84%",LESUEUR,ANDRE,,RPR,20466,O,MARIE-JEANNE,ALFRED,,REG,17912,N,,,,,,
973,GUYANE,1,15005,10116,9555,"67,42%",ALEXANDRE,RODOLPHE,,MAJ,4255,N,TAUBIRA-DELANNON,CHRISTIANE,,MAJ,5300,O,,,,,,
974,LA REUNION,1,64753,35339,32036,"54,58%",ANNETTE,GILBERT,PARTI SOCIALISTE,SOC,22946,O,VERGES,PIERRE,,COM,9090,N,,,,,,
974,LA REUNION,2,67696,46790,44565,"69,12%",BOSVIEL,JEAN-FRANCOIS,,RPR,20105,N,VERGES,PAUL,,COM,24460,O,,,,,,
974,LA REUNION,4,60062,43524,41499,"72,47%",HOARAU,ELIE,,COM,17058,N,PIHOUEE,ANDRE MAURICE,,RPR,24441,O,,,,,,
986,WALLIS ET FUTUNA,1,6611,5876,5850,"88,88%",GATA,KAMILO,MOUVEMENT DES RADICAUX DE GAUCHE,RDG,3066,O,LOGOLOGOFOLAU,CLOVIS,RASSEMBLEMENT POUR LA REPUBLIQUE,RPR,2784,N,,,,,,
987,POLYNESIE FRANCAISE,1,64296,44095,43019,"68,58%",JUVENTIN,JEAN,,RPR,23963,O,TEMARU,OSCAR,,REG,19056,N,,,,,,
